A.V,Armor Minerals Inc,
AA-H.V,Alba Minerals Ltd,
AAC.V,Arak Resources Corp,
AAD.V,Added Capital Inc,
AAL.V,Advantage Lithium Corp,
AAM.V,Austral Gold Limited,
AAN.V,Alexander Nubia Internat,
AAO.V,Augusta Industries Inc,
AAP.V,Alpha Peak Leisure Inc,
AAT.V,Ati Airtest Technologies,
AAX.V,Advance Gold Corp,
AAZ.V,Azincourt Uranium Inc,
AB-H.V,Asbestos Corporation Lim,
ABI.V,Abcourt Mines Inc.,
ABM.V,Athabasca Minerals Inc.,
ABN.V,Aben Resources Ltd.,
ABR.V,Ashburton Ventures Inc.,
ABU.V,Abenteuer Resources Corp,
ABZ.V,Asiabasemetals Inc.,
ACB.V,Aurora Cannabis Inc,
ACE-H.V,Ace Aviation Holdings In,
ACH.V,Arch Biopartners Inc,
ACL.V,Acl International Ltd,
ACS.V,Archon Minerals Limited,
ACST.V,Acasti Pharma Inc,
ACU.V,Aurora Solar Technologie,
ADD.V,Arctic Star Exploration,
ADE.V,Adex Mining Inc.,
ADG.V,Arcus Development Group,
ADI.V,Adriana Resources Inc.,
ADK.V,Diagnos Inc.,
ADR-H.V,Arcland Resources Inc.,
ADZ.V,Adamera Minerals Corp,
AEN.V,Antrim Energy Inc,
AFE.V,Africa Energy Corp,
AFM.V,Alphamin Resources Corp.,
AFR.V,African Metals Corporati,
AFS-H.V,Afrasia Mineral Fields Inc.,
AGB.V,Atlantic Gold Corporatio,
AGB-WT.V,Atlantic Gold Corp Wts,
AGC.V,Amarillo Gold Corp.,
AGD.V,Antioquia Gold Inc.,
AGG.V,African Gold Group Inc.,
AGH.V,Canadian Silver Hunter I,
AGH-H.V,Canadian Silver Hunter Inc,
AGL.V,Aguila American Gold Ltd,
AGLD.V,Austral Gold Limited,
AGM.V,Aldridge Minerals Inc.,
AGO.V,Aurcrest Gold Inc,
AGV.V,Agave Silver Corp,
AGX-H.V,Amador Gold Corp,
AGY-H.V,Atom Energy Inc,
AGZ.V,Ashanti Gold Corp,
AHI.V,Agility Health Inc,
AHP.V,Allied Hotel Properties Inc,
AHR.V,Amarc Resources Ltd.,
AHS.V,Alta Natural Herbs and S,
AHU.V,Arctic Hunter Energy Inc,
AII.V,Almonty Industries Inc,
AIN-H.V,Aintree Resources Inc,
AIS-H.V,Ais Resources Limited,
AIX.V,Alix Resources Corp.,
AKH.V,Alaska Hydro Corporation,
AKR.V,Ackroo Inc,
AL.V,Alx Uranium Corp,
ALD.V,Aldever Resources Inc,
ALG.V,Algold Resources Ltd,
ALI.V,Altitude Resources Inc,
ALK-H.V,Alkali3 Resources Inc,
ALL-H.V,Allante Resources Ltd,
ALM.V,Alliance Mining Corp,
ALN.V,Aldrin Resource Corp.,
ALP.V,Alabama Graphite Corp,
ALT.V,Alturas Minerals Corp.,
ALV.V,Alvopetro Energy Ltd,
ALY.V,Analytixinsight Inc,
ALZ.V,Aldershot Resources Ltd,
ALZ-H.V,Aldershot Resources Ltd,
AM-H.V,Automodular Corporation,
AME.V,Abacus Mining & Explorat,
AMK.V,American Creek Resources,
AML.V,Argus Metals Corp.,
AMO.V,Altan Rio Minerals Limit,
AMT-H.V,Amato Exploration Ltd.,
AMU.V,Ami Resources Inc,
AMX.V,AMEX Exploration Inc,
AMY.V,American Manganese Inc.,
AMZ.V,Almadex Minerals Limited,
AN.V,Arena Minerals Inc,
ANB.V,Anglo,Bomarc Mines Ltd
ANE.V,Altan Nevada Minerals Li,
ANF.V,Anfield Nickel Corp.,
ANG.V,Angel Gold Corp,
ANK.V,Angkor Gold Corp,
ANL-H.V,Atlantic Industrial Minerals Inc.,
ANZ.V,Alianza Minerals Ltd,
AOS.V,Alberta Oilsands Inc.,
AOT.V,Ascot Resources Ltd.,
APA.V,Alliancepharma Inc,
APC.V,Advanced Proteome Therap,
APE.V,Apogee Silver Ltd,
APH.V,Aphria Inc,
APL.V,Appulse Corp.,
APN.V,Altiplano Minerals Ltd,
APV.V,Apivio Systems Inc,
APX.V,Apex Resources Inc,
AQ.V,African Queen Mines Ltd.,
AQM.V,Aqm Copper Inc.,
AQS.V,Aequus Pharmaceuticals I,
ARA.V,Anconia Resources Corp,
ARB-H.V,Ardonblue Ventures Inc,
ARC.V,Arian Resources Corp,
ARD.V,Armada Data Corp.,
ARH.V,Altima Resources Ltd.,
ARI.V,Acme Resources Inc.,
ARR.V,Arco Resources Corp,
ARS.V,Asiamet Resources Limited,
ART.V,Arht Media Inc,
ARU.V,Aurania Resources Ltd,
ARY.V,Anfield Resources Inc,
ASG.V,Aurora Spine Corporation,
ASL.V,Argentum Silver Corp.,
ASM.V,Avino Silver and Gold Mi,
ASM-WT.V,Avino Silver and Gold Mines Ltd Wts,
ASN.V,Asian Mineral Res Ltd.,
ASQ.V,Astorius Resources Ltd.,
AT.V,Acuityads Holdings Inc,
ATC.V,Atac Resources Ltd.,
ATE.V,Antibe Therapeutics Inc,
ATG.V,Atlanta Gold Inc.,
ATI.V,Altai Resources Inc,
ATM.V,Atacama Pacific Gold Cor,
ATU.V,Altura Energy Inc,
ATV.V,Alto Ventures Ltd,
ATW.V,Atmanco Inc,
ATY.V,Atico Mining Corporation,
AU.V,Aurion Resources Ltd.,
AUN.V,Aurcana Corporation,
AUT.V,Austin Resources Ltd,
AUU.V,Aura Silver Resources In,
AUV.V,Augyva Mining Resources,
AUX.V,Auramex Resource Corp,
AVA.V,Aurvista Gold Corporatio,
AVC.V,American Vanadium Corp.,
AVE.V,Aveda Transport and Ener,
AVN.V,Avanti Energy Inc,
AVU.V,Avrupa Minerals Ltd.,
AVX.V,Altair Gold Inc,
AWE.V,Thunderstruck Resources,
AWI.V,Advent Wireless Inc,
AWS.V,Arrowstar Resources Ltd,
AXA.V,Axios Mobile Assets Corp,
AXE.V,Acceleware Ltd,
AXG.V,Antipodes Gold Limited,
AXM.V,Axmin Inc,
AXQ.V,Axe Exploration Inc,
AXS.V,Axis Auto Finance Inc,
AYB-H.V,Ayubowan Capital Ltd,
AZM.V,Azimut Exploration Inc.,
AZN-H.V,Arcturus Ventures Inc,
AZR.V,Azarga Metals Corp,
AZS.V,Arizona Silver Exploration Inc,
AZX.V,Alexandria Minerals Corp,
B.V,Bcm Resources Corporatio,
BAL-H.V,Balto Resources Ltd.,
BAT.V,Batero Gold Corp.,
BAV-H.V,Bravern Ventures Ltd,
BAY.V,Aston Bay Holdings Ltd,
BBB.V,Brixton Metals Corporati,
BBI.V,Blackbird Energy Inc,
BBI-WT.V,Blackbird Energy Inc Wts,
BC-P.V,Brassneck Capital Corp,
BCF.V,Builders Capital Mortgag,
BCG.V,Bcgold Corp.,
BCK.V,Blind Creek Resources Lt,
BCM.V,Bear Creek Mining Corp.,
BCN.V,Bacanora Minerals Ltd,
BCR-H.V,Bluerock Ventures Corp,
BCT.V,Briacell Therapeutics Co,
BCU-H.V,Bell Copper Corporation,
BDG.V,Black Dragon Gold Corp,
BEA.V,Belmont Resources Inc,
BEAN.V,Peekaboo Beans Inc,
BEE.V,Bee Vectoring Technologi,
BEL.V,Belvedere Resources Ltd.,
BEN-H.V,Butte Energy Inc,
BET-H.V,Bethpage Capital Corp,
BEW.V,Bewhere Holdings Inc,
BEX.V,Benton Resources Inc,
BFD.V,Beaufield Resources Inc.,
BFF.V,Nevada Energy Metals Inc,
BG.V,Barisan Gold Corporation,
BGA.V,Bioneutra Global Corporation,
BGD.V,Bullion Gold Resources C,
BGE.V,Bison Gold Resources Inc,
BGG.V,Buccaneer Gold Corp,
BGL.V,Bandera Gold Ltd.,
BGM.V,Barkerville Gold Mines L,
BGS.V,Baroyeca Gold and Silver,
BHK.V,Bhk Mining Corp.,
BHR.V,Blackheath Resources Inc,
BHS.V,Bayhorse Silver Inc,
BHT.V,Braveheart Resources Inc,
BHV.V,Bellhaven Copper and Gol,
BIT.V,Black Isle Resources Cor,
BKD.V,Breaking Data Corp,
BKM.V,Pacific Booker Minerals,
BKR.V,Berkwood Resources Ltd,
BLC-P.V,Black Lion Capital Corp,
BLM.V,Blumetric Environmental,
BLN.V,Blackline Safety Corp.,
BLR.V,Blackhawk Resource Corp,
BLS.V,Black Sea Copper and Gold Corp,
BM.V,Bc Moly Ltd,
BME.V,Barsele Minerals Corp,
BMG.V,Battle Mountain Gold Inc,
BMK.V,Macdonald Mines Expl Ltd,
BML.V,Barker Minerals Ltd,
BMM.V,Black Mammoth Metals Corp,
BMR-H.V,Bradmer Pharmaceuticals,
BN-H.V,Bluenose Gold Corp,
BNR.V,Brionor Resources Inc.,
BOC.V,Blueocean Nutrasciences,
BOL.V,Bold Ventures Inc.,
BOR.V,Border Petroleum Limited,
BOW.V,Bowmore Exploration Ltd.,
BPE.V,Brightpath Early Learnin,
BPL.V,Bluedrop Performance Lea,
BQE.V,Bioteq Environmental Technologies Inc.,
BRC.V,Blackrock Gold Corp,
BRD.V,Broadway Gold Mining Ltd,
BRI.V,Brazil Resources Inc,
BRI-WT.V,Brazil Resources Inc Wts,
BRL.V,Bearclaw Capital Corp,
BRM.V,Biorem Inc.,
BRN-PR.V,Brookfield Investments C,
BRO-H.V,Barksdale Capital Corp,
BRS.V,Brs Resources Ltd,
BRU.V,Brunswick Resources Inc,
BRZ.V,Bearing Resources Ltd,
BSH.V,Bayshore Petroleum Corp.,
BSI.V,Blue Sky Energy Inc,
BSK.V,Blue Sky Uranium Corp,
BSR.V,Bluestone Resources Inc,
BTI.V,Bioasis Technologies Inc,
BTL.V,Btl Group Ltd,
BTR.V,Bonterra Resources Inc.,
BTT.V,Bitterroot Resources Ltd,
BTV.V,Bluerush Media Group Cor,
BUD.V,Satori Resources Inc,
BUF.V,Buffalo Coal Corp,
BUL.V,Bullman Minerals Inc,
BUS.V,Grande West Transportati,
BVA.V,Bravada Gold Corporation,
BVO.V,Bevo Agro Inc.,
BWR.V,Black Widow Resources In,
BXR.V,Blue River Resources Ltd,
BYM-H.V,Baymount Incorporated,
BYN.V,Banyan Gold Corp,
BYU.V,Bayswater Uranium Corpor,
BZ-H.V,Benz Mining Corp,
CAD.V,Colonial Coal Internatio,
CAF.V,Canaf Group Inc.,
CAP.V,Castle Peak Mining Ltd,
CAT.V,Chimata Gold Corp,
CAV.V,Camrova Resources Inc,
CAY.V,Cache Exploration Inc.,
CBA.V,Champion Bear Res Ltd,
CBE.V,Cabo Drilling Corp.,
CBG.V,Chibougamau Independent,
CBI.V,Colibri Resource Corp.,
CBJ.V,Cb Gold Inc,
CBS.V,Bard Ventures Ltd,
CBV.V,Cobra Venture Corporatio,
CBX.V,Cortex Business Solution,
CCB.V,Canada Carbon Inc,
CCC.V,Cornerstone Metals Inc,
CCD.V,Cascadero Copper Corpora,
CCE.V,Commerce Resources Corp.,
CCK.V,Canada Coal Inc,
CCN-P.V,Cortina Capital Corp,
CD.V,Cantex Mine Development,
CDB.V,Cordoba Minerals Corp,
CDC.V,Cadillac Ventures Inc.,
CDG.V,Candente Gold Corp,
CDN.V,Canadream Corporation,
CDU.V,Cardero Resource Corp,
CE.V,Canada Energy Partners I,
CEA.V,Cerus Energy Group Ltd,
CEB.V,Ceiba Energy Services In,
CEI.V,Crystal Exploration Inc,
CEL-H.V,Columbus Energy Limited,
CEM.V,Constantine Metal Resour,
CEN.V,Claren Energy Corp,
CEP.V,Cliffside Capital Ltd,
CEY-H.V,Century Energy Ltd,
CFL.V,Cerf Incorporated,
CFM.V,Confederation Minerals L,
CFY.V,Changfeng Energy Inc.,
CGD.V,Carlin Gold Corp.,
CGE.V,Corex Gold Corp,
CGM.V,California Gold Mining I,
CGP.V,Cornerstone Capital Reso,
CGW.V,Corazon Gold Corp,
CH.V,Urban Select Captial Cor,
CHC.V,Chc Student Housing Corp,
CHN.V,China Education Resource,
CHQ.V,Carrus Capital Corporati,
CHY-H.V,Cypress Hills Resource C,
CID.V,Cicada Ventures Ltd.,
CIN.V,Canadian Intl Minerals I,
CIO.V,Central Iron Ore Limited,
CIP-H.V,Canadian International P,
CIT-H.V,Cr Capital Corp,
CJC.V,Canada Strategic Metals,
CKC-H.V,Cricket Resources Inc,
CKG.V,Chesapeake Gold Corp.,
CKK.V,Cordy Oilfield Services,
CKR.V,Caribou King Resources L,
CKZ-H.V,Caspian Energy Inc,
CLB.V,Colombia Crest Gold Corp,
CLE.V,Clean Commodities Corp,
CLH.V,Coral Gold Resources Ltd,
CLI.V,Clearford Water Systems,
CLM.V,Crystal Lake Mining Corp,
CLV.V,Canoe Mining Ventures Co,
CLY.V,Clarocity Corporation,
CLZ.V,Canasil Resources Inc.,
CMB.V,Cmc Metals Ltd.,
CMD.V,Commander Resources Ltd,
CMI.V,C,Com Satellite Systems
CMJ.V,Colombian Mines Corporat,
CML.V,Canickel Mining Limited,
CMM.V,Canabo Medical Inc,
CMU.V,Comet Industries Ltd.,
CMV.V,China Minerals Mining Co,
CMX.V,Chilean Metals Inc,
CN.V,Condor Resources Inc.,
CNC.V,Canyon Copper Corp,
CNH.V,Crownia Holdings Ltd,
CNO.V,California Nanotechnolog,
CNS.V,Contagious Gaming Inc,
CNX.V,Callinex Mines Inc,
CNY.V,Cancana Resources Corp,
CNZ.V,Canadian Zeolite Corp,
COB-U.V,Cohbar Inc,
COL.V,Copper North Mining Corp,
COO.V,Offsetters Climate Solut,
COQ.V,Rooster Energy Ltd,
COR.V,Camino Minerals Corporat,
COT.V,Critical Outcome Technol,
COV.V,Covalon Technologies Ltd,
CPC.V,Canadian Platinum Corp,
CPE-H.V,Capital Pro Egaux Inc,
CPL.V,Copper Lake Resources Lt,
CPM.V,Crystal Peak Minerals In,
CPO.V,Cobalt Power Group Inc,
CPS.V,Claim Post Resources Inc,
CPV.V,Copper Creek Gold Corp.,
CQR.V,Conquest Resources Ltd.,
CRB.V,Cariboo Rose Resources L,
CRD.V,Coronado Resources Ltd,
CRE.V,Critical Elements Corpor,
CRF.V,Coronet Metals Inc,
CRO.V,Canadian Arrow Mines Ltd,
CRS.V,Cardiff Energy Corp,
CRU.V,Cameo Resources Corp,
CRV.V,Cresval Capital Corp.,
CRX-H.V,Cerro Mining Corp,
CSC.V,Canex Energy Corp,
CSK.V,Cobaltech Mining Inc,
CSL.V,Comstock Metals Ltd,
CSO.V,Corsa Coal Corp,
CSP.V,Capstream Ventures Inc,
CSQ.V,Canamex Resources Corp,
CSR.V,Castle Silver Resources Inc,
CST.V,Co2 Solutions Inc.,
CSV-H.V,Caracara Silver Inc,
CSX.V,Clean Seed Capital Group,
CT.V,Centenara Mining Corpora,
CTD-H.V,Courtland Capital Inc,
CTI.V,Caiterra International E,
CTM.V,Canterra Minerals Corpor,
CTN.V,Centurion Minerals Ltd.,
CTO.V,Circa Enterprises Inc.,
CTZ.V,Cencotech Inc.,
CUC.V,Carube Copper Corp,
CUG.V,Cyprium Mining Corp,
CUI.V,Currie Rose Resources In,
CUO.V,Copper One Inc.,
CUU.V,Copper Fox Minerals Inc.,
CUV.V,Cuba Ventures Corp,
CUZ.V,Cruz Capital Corp,
CV-H.V,Chantrell Ventures Corp.,
CVA.V,Cava Resources Inc,
CVM.V,Cvr Medical Corp,
CVR.V,CDN Oil Recovery & Remed,
CVV.V,Canalaska Uranium Ltd,
CVX.V,Cematrix Corporation,
CWC.V,Cwc Energy Services Corp,
CWM.V,Crown Mining Corp,
CWN.V,Cwn Mining Acquisition C,
CWQ-H.V,Curlew Lake Resources Inc,
CWS-H.V,Cons Westview Res Corp,
CWV.V,Crown Point Energy Inc,
CXB.V,Calibre Mining Corp.,
CXE-H.V,Camex Energy Corp,
CXG-A.V,Clemex Technologies Inc.,
CXM.V,Carmax Mining Corp,
CXO.V,Colorado Resources Ltd,
CXV.V,Convalo Health Internati,
CXX.V,Candelaria Mining Corp,
CYF.V,Canyon Creek Food Co Ltd,
CYM.V,Cymat Technologies Ltd,
CYP.V,Cypress Development Corp,
CYX.V,Calyx Bio,Venture Inc.
CZ-H.V,0Necassius Ventures Ltd,
CZH.V,Crazy Horse Resources In,
CZO.V,Ceapro Inc,
CZX.V,Canada Zinc Metals Corp.,
CZY.V,Caza Gold Corp.,
DAL.V,Dalmac Energy Inc.,
DAN.V,Arianne Phosphate Inc,
DAP-U.V,Xpel Technologies Corp,
DAR.V,Darelle Online Solutions Inc,
DAU.V,Desert Gold Ventures Inc,
DBL.V,Darnley Bay Resources Li,
DBV.V,Doubleview Capital Corp,
DCY.V,Discovery,Corp. Enterpri
DE.V,Decisive Dividend Corpor,
DEC.V,Decade Resources Ltd.,
DEF.V,Defiance Silver Corp,
DEQ.V,Deq Systems Corp,
DEV-H.V,Ct Developers Ltd,
DFI.V,Diamond Field In J,
DFS.V,Global Daily Fantasy Sports Inc,
DGO.V,Durango Resources Inc,
DHR.V,Discovery Harbour Resour,
DIA.V,Margaret Lake Diamonds I,
DJI.V,Dajin Resources Corp.,
DLS.V,Dealnet Capital Corp,
DMA.V,Diamedica Inc.,
DME-H.V,Dynamic Oil and Gas Expl,
DMG-H.V,Dmd Digital Health Conne,
DMI.V,Diamcor Mining Inc.,
DMR.V,Damara Gold Corp,
DNX.V,Dynex Power Inc.,
DOS.V,Dios Exploration Inc,
DOX.V,Dorex Minerals Inc.,
DPH.V,Duncan Park Holdings Cor,
DRN-H.V,Delrand Resources Limited,
DRV.V,Duran Ventures Inc.,
DSF.V,Dusolo Fertilizers Inc,
DSM.V,Deep South Resources Inc,
DSR.V,Desert Star Resources Lt,
DSR-WT.V,Desert Star Resources Ltd Wts,
DSY.V,Destiny Media Technologi,
DUG.V,Distinct Infrastructure,
DV.V,Dolly Varden Silver Corp,
DVA.V,0Nedelivra Corp,
DVC-H.V,Devin Energy Corporation,
DVG.V,Divergent Energy Service,
DVI.V,Dunnedin Ventures Inc,
DVT.V,Divestco Inc.,
DWS.V,Diamond Estates Wines An,
DXA.V,Doxa Energy Ltd.,
DXD.V,3D Signatures Inc,
DXE.V,Dualex Energy Internatio,
DXX.V,Dxstorm.Com Inc.,
DYA.V,Dynacert Inc,
DYG.V,Dynasty Gold Corp.,
EAM.V,East Africa Metals Inc,
EAS.V,East Asia Minerals Corp.,
EBM.V,Eastwood Bio Medical Can,
EBN.V,Epicore Bionetworks Inc.,
ECC.V,Ethos Gold Corp,
ECR.V,Cartier Resources Inc.,
ECT.V,Ellipsiz Communications Ltd,
ECX-H.V,Eastcoal Inc,
ED-UN.V,Edgefront Real Estate In,
EDG.V,Endurance Gold Corp.,
EDW-H.V,Edgewater Exploration Ltd,
EEC.V,88 Capital Corp,
EEL.V,Esrey Energy Ltd,
EEN.V,Estrella Intl Energy Svc,
EEV.V,E,Energy Ventures Inc.
EGA.V,Eagle Graphite Incorpora,
EGD.V,Energold Drilling Corp.,
EGM.V,Engold Mines Ltd,
EGT.V,Eguana Technologies Inc,
EHT.V,Enerdynamic Hybrid Tech,
EIL.V,Empire Industries Ltd.,
EKG.V,Cardiocomm Solutions In,
EL.V,Engagement Labs Inc,
ELC.V,Elysee Development Corp,
ELM.V,Element Lifestyle Retirement Inc,
ELN.V,El Nino Ventures Inc,
ELO.V,Eloro Resources Ltd.,
ELT.V,Electra Stone Ltd.,
ELY.V,Ely Gold & Minerals Inc.,
EMC.V,Emblem Corp,
EMH.V,Emerald Health Therapeut,
EMO.V,Emerita Resources Corp,
EMR.V,Emgold Mining Corporatio,
EMX.V,Eurasian Minerals Inc,
ENA.V,Enablence Technologies I,
ENG.V,Energulf Resources Inc.,
ENP.V,Enpar Tech Inc.,
ENW.V,Enwave Corp,
EOG.V,Eco Atlantic Oil and Gas,
EPL.V,Eagle Plains Resources L,
EPO.V,Encanto Potash Corp.,
EPR.V,Empire Rock Minerals Inc,
EQ.V,Eq Inc,
EQG.V,Eqube Gaming Limited,
EQT.V,Equitas Resources Corp,
ERA.V,Elcora Resources Corp,
ERC.V,Eros Resources Corp,
ERE-P.V,European Commercial Real Estate Ltd,
ERG.V,Ergoresearch Ltd,
ERN-H.V,Earny Resources Ltd,
ERX.V,Era Resources Inc,
ES.V,Eight Solutions Inc.,
ESK.V,Eskay Mining Corp.,
ESU.V,Eestor Corporation,
ESV.V,Esi Environmental Sensor,
ETF.V,Eastfield Resources Ltd.,
ETV-H.V,Evermount Ventures Inc,
EU.V,Encore Energy Corp,
EUK.V,Eureka Resources Inc.,
EUO.V,Eurocontrol Technics Gro,
EV.V,Erin Ventures Inc.,
EVC-H.V,Everfront Ventures Corp,
EVM.V,Evrim Resources Corp,
EVR.V,Everton Resources Inc.,
EW.V,East West Petroleum Corp,
EWK.V,Earthworks Industries In,
EWS.V,Environment Waste Intl,
EXC.V,Essex Angel Capital Inc,
EXG.V,Exgen Resources Inc,
EXO.V,Exo U Inc,
EXS.V,Explor Resources Inc.,
EXX.V,Equitorial Exploration C,
EYC.V,Eyecarrot Innovations Co,
F.V,Fiore Exploration Ltd,
FA.V,Fountain Asset Corp,
FAM.V,Family Memorials Inc.,
FAM-DB.V,Family Memorials Inc 10,
FAN.V,Gaming Nation Inc,
FAS.V,Fantasy Aces Daily Fantasy Sports,
FBF.V,Fab,Form Industries Ltd.
FBI.V,Franchise Bancorp Inc.,
FBX.V,First Bauxite Corporatio,
FCA-U.V,Firm Capital American Realty Part Corp,
FCC.V,First Cobalt Corp,
FCD-UN.V,Firm Capital Property TR,
FCF.V,Fcf Capital Inc,
FCV.V,Focus Ventures Ltd.,
FDC.V,Forum Uranium Corp,
FDI.V,Findev Inc,
FEN.V,Forent Energy Ltd.,
FEO.V,Oceanic Iron Ore Corp,
FEX.V,Fjordland Exploration In,
FF.V,First Mining Finance Cor,
FFP.V,Consolidated Firstfund Capital Corp.,
FG.V,Falcon Gold Corp,
FGC.V,Frontline Gold Corporati,
FGD.V,First Global Data Limite,
FGF.V,Capital Dgmc Inc,
FGH.V,First Growth Holdings Lt,
FI.V,First Idaho Resources In,
FIL.V,Filo Mining Corp,
FIX.V,Firebird Resources Inc,
FL.V,Frontier Lithium Inc,
FLO-H.V,Focused Capital Corp,
FLX.V,Fieldex Exploration Inc.,
FLY.V,Flyht Aerospace Solution,
FMG.V,First Mexican Gold Corp,
FMM.V,Full Metal Minerals Ltd,
FMR.V,Fairmont Resources Inc,
FMS.V,Focus Graphite Inc,
FNC.V,Fancamp Exploration Ltd.,
FNR.V,49 North Resources Inc.,
FO.V,Falcon Oil & Gas Ltd,
FOM.V,Foran Mining Corporation,
FOR.V,Fortune Bay Corp,
FP.V,Fp Newspapers Inc,
FPC.V,Falco Resources Ltd,
FPX.V,First Point Minerals Corp,
FRI.V,Freeport Resources Inc.,
FRK.V,Front Range Resources Ltd,
FRN.V,Feronia Inc,
FSW.V,Fireswirl  Technologies,
FTI.V,Fti Foodtech Internation,
FTJ-H.V,Fort ST James Nickel Corp,
FTR.V,Firesteel Resources Inc,
FUR.V,Fura Emeralds Inc,
FUU.V,Fission 3.0 Corp,
FV.V,Firestone Ventures Inc,
FYL.V,Finlay Minerals Ltd.,
GAL.V,Galantas Gold Corp.,
GAME.V,Millennial Esports Corp,
GAR.V,Green Arrow Resources In,
GAZ-UN.V,Fronsac Capital REIT Uni,
GB.V,Ginger Beef Corp.,
GBB.V,Gold Bullion Development,
GBE.V,Goldbelt Empires Limited,
GBL.V,Gb Minerals Ltd,
GBR.V,Great Bear Resources Ltd,
GCC-H.V,Golden Cariboo Resources,
GCN.V,Goldcliff Resources Corp,
GCR.V,Gespeg Copper Resources,
GCX.V,Granite Creek Gold Ltd,
GDM.V,Goldstar Minerals Inc,
GDX.V,Goldex Resources Corp,
GEA-H.V,Gold Ridge Exploration Corp,
GEL.V,Tangelo Games Corp,
GEM.V,Pele Mountain Resources,
GER.V,Glen Eagle Resources Inc,
GFG.V,Gfg Resources Inc,
GFK.V,Gfk Resources,
GFN-H.V,Gold Finder Explorations Ltd,
GG.V,Galane Gold Ltd,
GGC.V,G4G Capital Corp,
GGG.V,Graphene 3D Lab Inc,
GGI.V,Garibaldi Resources Corp,
GGL.V,Ggl Resources Corp.,
GGS.V,Golden Secret Ventures L,
GGX.V,Ggx Gold Corp,
GGY.V,Goldeye Explorations Ltd,
GHR-H.V,Golden Harp Resources Inc,
GI.V,Gem International Resour,
GIS.V,Genesis Metals Corp,
GIT.V,Gitennes Exploration Inc,
GIX.V,Geologix Explorations In,
GKX.V,Gemini Corporation,
GLB.V,Goldbank Mining Corporat,
GLD.V,Goldon Resources Ltd,
GLK.V,Great Lakes Graphite Inc,
GLW.V,Galway Gold Inc,
GMA.V,Geomega Resources Inc,
GMN.V,Gobimin Inc,
GMV.V,Gmv Minerals Inc.,
GN.V,Gonzaga Resources Ltd,
GNC.V,Gainey Capital Corp,
GNF.V,Greenfields Petroleum Co,
GNG.V,Golden Goliath Resources,
GNH.V,Golden Hope Mines Ltd,
GOE.V,Goldeneye Resources Corp,
GOG.V,Golden Tag Resources Ltd,
GOLD.V,Goldmining Inc,
GOLD-WT.V,Goldmining Inc Wts,
GOM.V,Golden Dawn Minerals Inc,
GOP.V,Gourmet Ocean Products I,
GP.V,Golden Peak Minerals Inc,
GPG.V,Grande Portage Resources,
GPH.V,Graphite One Resources I,
GPL.V,Galileo Petroleum Ltd,
GPM.V,Gpm Metals Inc,
GPV.V,Greenpower Motor Company,
GPW.V,Grand Power Logistics Gr,
GPY.V,Golden Predator Mining C,
GQ.V,Great Quest Fertilizer L,
GQC.V,Goldquest Mining Corp.,
GR.V,Great Atlantic Resources,
GRB.V,Greenbriar Capital Corp,
GRC.V,Grenville Strategic Roya,
GRC-DB.V,Grenville Strategic Roya,
GRG.V,Golden Arrow Res Corp.,
GRI.V,Galore Resources Inc,
GRK.V,Gray Rock Resources Ltd.,
GRO.V,Growmax Resources Corp,
GRR.V,Golden Reign Resources L,
GRV.V,Gold Reach Resources Ltd,
GRX-H.V,Greenshield Explorations,
GRZ.V,Gold Reserve Inc,
GSA.V,Groundstar Resources Ltd,
GSH.V,Golden Share Mining Corp,
GSI.V,Gatekeeper Systems Inc,
GSP.V,Gensource Potash Corpora,
GSR.V,Goldstrike Resources Ltd,
GSS.V,Gossan Resources Limited,
GSV.V,Gold Standard Ventures C,
GSW.V,Green Swan Captial Corp,
GSX-H.V,Goldstream Minerals Inc,
GTA.V,Gta Resources and Mining,
GTB.V,Greatbanks Resources Ltd,
GTC.V,Getty Copper Inc.,
GTD-H.V,Gstaad Capital Corp,
GTG.V,Great Thunder Gold Corp,
GTO-H.V,Galena International Res,
GTP.V,Colt Resources Inc,
GTT.V,GT Gold Corp,
GUG.V,Gungnir Resources Inc,
GUN.V,Gunpoint Exploration Ltd,
GV.V,Guerrero Ventures Inc,
GVG.V,Grenville Gold Corp.,
GVR.V,Grosvenor Resources Corporation,
GVY.V,Green Valley Mine Incorp,
GWA.V,Gowest Gold Ltd,
GWM.V,Galway Metals Inc,
GX.V,Guardian Exploration Inc,
GXM.V,Geodex Minerals Ltd,
GXR.V,Georox  Resources Inc.,
GXS.V,Goldsource Mines Inc,
GXU.V,Goviex Uranium Inc,
GZD.V,Grizzly Discoveries Inc.,
GZZ.V,Golden Valley Mines Ltd.,
HAH-P.V,Trusted Brand 2016 Inc,
HBE.V,Hornby Bay Mineral Explo,
HBK.V,Highbank Resources Ltd.,
HEC.V,Handa Copper Corporation,
HEG-H.V,Homeland Energy Group Ltd,
HEI.V,Huntington Exploration I,
HEM.V,Hemostemix Inc,
HEMP.V,Hempco Food and Fiber Inc,
HEO.V,H2O Innovation Inc.,
HFC.V,Hampton Financial Corporation,
HFF.V,Hempco Food and Fiber Inc,
HGO.V,Hawkeye Gold and Diamond,
HI.V,Highland Copper Company,
HIT.V,Hit Technologies Inc,
HJI.V,Helijet International In,
HME.V,Hemisphere Energy Corpor,
HMI.V,Hinterland Metals Inc.,
HMT.V,Halmont Properties Corp,
HMX.V,Hunt Mining Corp.,
HNC.V,Hard Creek Nickel Corpor,
HOC.V,Hunter Oil Corp,
HOIL.V,Halio Energy Inc,
HOP.V,Telehop Communications I,
HPI.V,Highbury Projects Inc.,
HPL.V,Horizon Petroleum Plc,
HPQ.V,Hpq Silicon Resources Inc,
HPY.V,Happy Creek Minerals Ltd,
HRC.V,Helio Res Corp.,
HRE.V,Stans Energy Corp,
HRH.V,Hillcrest Petroleum Ltd,
HRL.V,Hansa Resources Limited,
HSI.V,H Source Holdings Ltd,
HTC.V,Htc Purenergy Inc.,
HTL.V,Hamilton Thorne Ltd,
HTR.V,Heatherdale Resources Lt,
HU-P.V,Huffington Capital Corporation,
HUD.V,Hudson Resources Inc.,
HVG.V,Harvest Gold Corp,
HWY.V,Highway 50 Gold Corp,
HXC.V,Hfx Holding Corp,
IB.V,Ibc Advanced Alloys Corp,
IBC.V,International Bethlehem,
IBH.V,International Barrier Te,
IBT.V,Ibex Technologies Inc.,
ICC.V,Icc International Cannabis Corp,
ICG.V,Integra Gold Corp.,
ICL.V,Itasca Capital Ltd,
ICM.V,Iconic Minerals Ltd,
ICO.V,Ico Therapeutics Inc.,
ID.V,Identillect Technologies Corp,
IDI.V,Indico Resources Ltd.,
IDL.V,Imaging Dynamics Company,
IDM.V,Idm Mining Ltd,
IDW.V,Id Watchdog Inc.,
IEI.V,Imperial Equities Inc.,
IES.V,Intercept Energy Service,
IEX-H.V,Icon Exploration Inc,
IFD.V,Intrinsic4D Inc,
IFR.V,International Frontier R,
IFX.V,Imaflex Inc,
IGC-H.V,Igc Resources Inc,
IGD.V,Intigold Mines Ltd,
IGO.V,Independence Gold Corp,
IGP.V,Imperial Ginseng Product,
IGX.V,Intelgenx Technologies C,
IKM.V,Ikkuma Resources Corp,
ILA.V,Ilookabout Corp.,
ILC.V,International Lithium Co,
IMA.V,I,Minerals Inc.
IMEX.V,Imex Systems Inc,
IMI.V,International Millennium Mining,
IML.V,Iberian Minerals Ltd,
IMM.V,Immunotec Inc.,
IMR.V,Imetal Resources Inc,
IMT.V,International Montoro Re,
IMU.V,Biommune Technologies In,
INP.V,Input Capital Corp,
INX.V,In,Touch Survey Systems
IO.V,Inca One Gold Corp,
IOG.V,Ironhorse Oil & Gas Inc.,
ION.V,Alset Energy Corp,
IOT.V,Innovotech Inc.,
IOU.V,Iou Financial Inc,
IPC.V,Iplayco Corporation Ltd.,
IPD.V,International Parkside P,
IPT.V,Impact Silver Corp.,
IQ.V,Airiq Inc.,
IRC.V,Ironside Resources Inc,
IRI.V,Iemr Resources Inc,
IRO.V,Inter,Rock Minerals Inc.
IRR.V,Inform Resources Corp,
ISD.V,Isign Media Solutions In,
ISO.V,Isoenergy Ltd,
ISS.V,International Samuel Exploration Corp,
ITG.V,Intact Gold Corp,
ITM.V,Intema Solutions Inc,
ITT.V,Internet of Things Inc,
IVF-H.V,Invictus Financial Inc,
IVI.V,Ivrnet Inc.,
IVS.V,Inventus Mining Corp,
IVX.V,Inventronics Limited,
IWG.V,Iwg Technologies Inc,
IXI.V,Indigo Exploration Inc.,
IZN.V,Inzinc Mining Ltd,
JAU.V,Jet Gold Corp,
JAX.V,Jaxon Minerals Inc.,
JCO.V,Jericho Oil Corporation,
JDL.V,Lowell Copper Ltd,
JDL-WT.V,Jdl Gold Corp Wts,
JDN.V,Jayden Resources Inc,
JEC.V,Jura Energy Corporation,
JEN-H.V,The Jenex Corporation,
JFC.V,Jaguar Financial Corp,
JG.V,Japan Gold Corp,
JHC-H.V,Jinhua Capital Corp,
JNX.V,Junex Inc.,
JP.V,Jackpot Digital Inc,
JSE.V,Jadestone Energy Inc,
JSP.V,Jasper Mining Corporatio,
JTC.V,Jemtec Inc,
JTR.V,Greenspace Brands Inc,
JTR-WT.V,Greenspace Brands Inc Wts,
JUB.V,Jubilee Gold Exploration Ltd,
JZR.V,Jazz Resources Inc.,
JZZ.V,Cleghorn Minerals Ltd,
KAP.V,Kapuskasing Gold Corp,
KAR.V,Karmin Exploration Inc,
KAS.V,Khalkos Exploration Inc,
KAY.V,Karsten Energy Corp,
KBG.V,King S Bay Gold Corp.,
KBT.V,Kombat Copper Inc,
KBY.V,Kona Bay Technologies Inc,
KCC.V,Kincora Copper Limited,
KDI.V,Kennady Diamonds Inc,
KEK.V,Keek Inc,
KES.V,Kesselrun Resources Ltd,
KFG.V,Kfg Resources Ltd.,
KG.V,Klondike Gold Corp,
KGL.V,Kilo Goldmines Ltd.,
KHA-H.V,Knighthawk Inc,
KIT.V,Kitrinor Metals Inc,
KIV.V,Kivalliq Energy Corporat,
KLE.V,Kingsland Energy Corp,
KLM.V,Kermode Resources Ltd.,
KMC-H.V,Kmt Hansa Corp,
KMI-H.V,Killdeer Minerals Inc,
KMT.V,Komet Resources Inc,
KNE.V,Kane Biotech Inc,
KNG.V,Kingsmen Resources Ltd,
KNO-H.V,Cellstop Systems Inc,
KNT.V,K92 Mining Inc,
KNX.V,Knick Exploration Inc.,
KR.V,Kr Investment Ltd,
KRM-H.V,Kramer Capital Corp,
KRS.V,Kairos Capital Corporati,
KS.V,Klondike Silver Corp,
KSI.V,Kneat.Com Inc,
KSK.V,Kiska Metals Corporation,
KTN.V,Kootenay Silver Inc,
KTN-WT.V,Kootenay Silver Inc Wts,
KTO.V,K2 Gold Corporation,
KUB.V,Cub Energy Inc,
KUT.V,Redishred Capital Corp.,
KYS-H.V,Kaymus Resources Inc,
KZD.V,Kaizen Discovery Inc,
KZD-RT.V,Kaizen Discovery Inc RTS,
KZZ.V,Nunavik Nickel Mines Ltd,
LA.V,Los Andes Copper Limited,
LAD.V,New Carolin Gold Corp,
LAK-H.V,Lakeside Minerals Inc,
LAT.V,Latin American Minerals,
LBC.V,Libero Mining Corporation,
LBI-H.V,Lions Bay Capital Inc.,
LBL.V,Lattice Biologics Ltd,
LBY-H.V,Liberty One Lithium Corp,
LEM.V,Leading Edge Materials Corp,
LEN.V,Lund Enterprises Corp,
LEQ-H.V,Leo Acquisitions Corp,
LES.V,Leis Industries Limited,
LET.V,Letho Resources Corp,
LGN.V,Legend Gold Corp,
LGR.V,Logan Resources Ltd,
LHC.V,Long Harbour Exploration,
LHR.V,Lakeview Hotel Invest Co,
LHR-DB.C.V,Lakeview Hotel Invest Co,
LHR-DB.D.V,Lakeview Hotel Invest Co,
LI.V,American Lithium Corp,
LIC.V,Lico Energy Metals Inc,
LIO.V,Lion One Metals Limited,
LIR.V,Lamelee Iron Ore Ltd,
LIT.V,Argentina Lithium and Energy Corp,
LIX.V,Lithium X Energy Corp,
LL.V,Canada Rare Earth Corp,
LLC.V,Lorraine Copper Corp.,
LLG.V,Mason Graphite Inc,
LM.V,Lingo Media Corporation,
LMC-H.V,Leagold Mining Corporation,
LMD.V,Led Medical Diagnostics,
LME.V,Laurion Mineral Explorat,
LMG.V,Lincoln Mining Corporati,
LMR.V,Lomiko Metals Inc.,
LMT.V,Luminor Medical Technologies Inc,
LND.V,Inspira Financial Inc,
LND-DB.V,Inspira Financial Inc 4.00 Pct Debs,
LNE.V,Loon Energy Corporation,
LOOP.V,Loopshare Ltd,
LOT.V,Tomagold Corporation,
LPC.V,Lorne Park Capital Partn,
LPK.V,Lupaka Gold Corp,
LPS.V,Legend Power Systems Inc,
LRA.V,Lara Exploration Ltd,
LRC-H.V,Lovitt Resources Inc,
LRL.V,Luxor Industrial Corpora,
LRN.V,Kgic Inc,
LSI.V,Lonestar West Inc.,
LTA-H.V,Leeta Gold Corp,
LTE.V,Loubac Top Environmental Inc,
LTV.V,Leonovus Inc,
LTX.V,Labrador Technologies In,
LUM.V,Lumina Gold Corp,
LXE.V,Leucrotta Exploration In,
LXG.V,Lexagene Holdings Inc,
M.V,Mosaic Capital Corporati,
M.DB.V,Mosaic Capital Corp 7.0 Pct Debs,
M-PA.V,Mosaic Capital Corp Pref,
MAC.V,Themac Resources Group L,
MAD.V,Miranda Gold Corp.,
MAE.V,Maritime Resources Corp.,
MAH.V,Marksmen Energy Inc.,
MAI.V,Minera Alamos Inc,
MARL.V,Mariana Resources Ltd,
MAS.V,Masuparia Gold Corp.,
MAT.V,Matamec Explorations Inc,
MAZ-H.V,Mazarin Inc.,
MBC.V,Mbac Fertilizer Inc,
MBG.V,Malbex Resources Inc.,
MBI.V,Med Biogene Inc.,
MBO.V,Mobio Technologies Inc,
MCC.V,Magor Corporation,
MCE.V,Minecorp Energy Ltd,
MCG.V,Mountain China Resorts H,
MCI.V,Minnova Corp,
MCK.V,Manson Creek Resources L,
MCM-A.V,Matachewan Cons Mines,
MCR.V,Macro Enterprises Inc.,
MCS.V,Mcchip Resources Inc,
MCU.V,Mega Copper Ltd.,
MCW.V,Mcw Energy Group Limited,
MCX.V,Mcorpcx Inc,
MD.V,Midland Exploration Inc.,
MDE-H.V,Madeira Minerals Ltd,
MDL.V,Medallion Resources Ltd.,
MDO.V,Manado Gold Corp,
MDV.V,Megastar Development Cor,
MDX.V,Medx Health Corp,
MED.V,Medgold Resources Corp,
MEI.V,Manitok Energy Inc.,
MEI-DB.V,Manitok Energy Inc 10.5 Pct Debs,
MEI-WT.V,Manitok Energy Inc Wts,
MEK.V,Metals Creek Resources C,
MET.V,Metalore Resources Limited,
MEZ.V,Mezzotin Minerals Inc.,
MFM.V,Marifil Mines Ltd.,
MFS.V,Medifocus Inc,
MFX.V,Minfocus Exploration Cor,
MGC-H.V,Midasco Capital Corp,
MGG.V,Minaurum Gold Inc.,
MGI.V,Magnum Goldcorp Inc,
MGW.V,Maple Leaf Green World I,
MGZ-H.V,Mangazeya Mining Ltd,
MHI.V,Mineral Hill Industries Inc,
MI.V,Mitchell Resources Ltd,
MIA-P.V,Mira Ix Acquisition Corp,
MIN.V,Excelsior Mining Corp,
MIR.V,Medmira Inc,
MIT.V,The Mint Corporation,
MIX.V,Micrex Development Corp,
MJN.V,Pharmacan Capital Corp,
MJS.V,Majestic Gold Corp.,
MJX.V,Majescor Resources Inc.,
MK-H.V,Mk2 Ventures Ltd,
MKA.V,Mkango Resources Ltd.,
MKN.V,Makena Resources Inc,
MKR.V,Melkior Resources Inc,
MKT.V,Deepmarkit Corp,
MKU-H.V,Mukuba Resources Limited,
ML.V,Millennial Lithium Corp,
MLG.V,ML Gold Corp,
MLM.V,Millstream Mines Ltd.,
MLN.V,Marlin Gold Mining Ltd,
MLR.V,Melior Resources Inc,
MLY.V,American Cumo Mining Cor,
MMA.V,Midnight Sun Mining Corp,
MMG.V,Metallic Minerals Corp,
MMN.V,Monarca Minerals Inc,
MMS.V,Macarthur Minerals Limit,
MMV.V,Mineral Mountain Resourc,
MMX.V,Macmillan Minerals Inc,
MMY.V,Monument Mining Limited,
MN.V,Manganese X Energy Corp,
MNO.V,Meridian Mining Societas Europaea,
MNX.V,Manitex Capital Inc.,
MNY.V,Montan Mining Corp,
MOC.V,Morumbi Resources Inc,
MOE-H.V,Metropolitan Energy Corp,
MON.V,Montero Mining and Explo,
MOO.V,Mooncor Oil and Gas Corp,
MOR-H.V,Morgan Resources Corp,
MOV.V,Movarie Capital Ltd,
MOX.V,Morien Resources Corp,
MPH.V,Medicure Inc,
MPT.V,Midpoint Holdings Ltd,
MQL.V,Marquee Energy Ltd,
MQR.V,Monarques Gold Corporati,
MQR-WT.A.V,Monarques Gold Corporati,
MQX.V,Marquee Energy Ltd,
MRB.V,Morro Bay Resources Ltd,
MRL.V,Margaux Resources Ltd,
MRO.V,Millrock Resources Inc.,
MRS.V,Mission Ready Services I,
MRZ.V,Mirasol Resources Ltd.,
MSA.V,Mesa Exploration Corp,
MSP.V,Minaean SP Construction,
MSR.V,Minsud Resources Corp.,
MT.V,Mettrum Health Corp,
MTB.V,Mountain Boy Minerals Lt,
MTC.V,Metalcorp Ltd.,
MTE.V,Mitra Energy Inc,
MTH.V,Mammoth Resources Corp,
MTN-H.V,Martina Minerals Corp,
MTO.V,Metanor Res Inc.,
MTS.V,Metallis Resources Inc,
MTU.V,Manitou Gold Inc,
MTX.V,Metalex Ventures Ltd.,
MTZ.V,Montana Exploration Corp,
MUM.V,Mustang Minerals Corp.,
MUN.V,Mundoro Capital Inc,
MV.V,Movit Media Corp,
MVA-P.V,Mira Vii Acquisition Cor,
MVD-H.V,Mega View Digital Entertainment Corp,
MVE-H.V,Marchwell Ventures Ltd,
MVN.V,Madalena Energy Inc,
MVP.V,Mediavalet Inc,
MVY.V,Moovly Media Inc,
MWI-UN.V,Maplewood International,
MXC-H.V,Margaux Red Capital Inc,
MXI.V,Merrex Gold Inc.,
MXL.V,Mx Gold Corp,
MXM.V,Maxim Resources Inc.,
MXR.V,Max Resource Corp,
MXX.V,Matrrix Energy Technolog,
MYA.V,Maya Gold & Silver Inc.,
MZA-H.V,Miza Enterprises Inc,
MZI.V,Mezzi Holdings Inc,
NAI.V,Northern Abitibi Mng Cor,
NAN.V,North American Nickel In,
NAP.V,Napier Ventures Inc,
NAR.V,North Arrow Minerals Inc,
NBO-H.V,Nebo Capital Corp,
NBR.V,Nubian Resources Ltd,
NBY.V,Niobay Metals Inc,
NCA.V,Newcastle Gold Ltd,
NCE.V,Nesscap Energy Inc,
NCI.V,Ntg Clarity Networks Inc,
NCX.V,Northisle Copper and Gol,
NDR.V,New Dimension Resources,
NED.V,New Destiny Mining Corp.,
NEE.V,Northern Vertex Mining C,
NEL-UN.V,Nobel Real Estate Invest,
NEM.V,New Era Minerals Inc,
NER.V,Newmac Resources Inc,
NEV.V,Nevada Sunrise Gold Corp,
NFD.A.V,Northfield Capital Corp.,
NFE.V,Northern Iron Corp,
NFK-H.V,Africa Hydrocarbons Inc,
NFR.V,Northern Freegold Resour,
NGC.V,Northern Graphite Corpor,
NGE.V,Nevada Exploration Inc.,
NGH-H.V,Nightingale Informatix Corporation,
NGY-H.V,Newcastle Energy Corp,
NHK.V,Nighthawk Gold Corp,
NIA.V,Niagara Ventures Corpora,
NIC.V,Pure Nickel Inc,
NIK.V,Nikos Explorations Ltd.,
NIM.V,Nicola Mining Inc,
NIO.V,Niocan Inc,
NIP.V,Nippon Dragon Resources,
NIR.V,Noble Iron Inc,
NKW.V,Naikun Wind Energy Group,
NL.V,Northern Lion Gold Corp,
NLC.V,Neo Lithium Corp,
NLH.V,Nova Leap Health Corp,
NM.V,Northern Empire Resource,
NMD.V,Nomad Ventures Inc,
NMG.V,Noble Metal Group Inc,
NNA.V,New Nadina Explorations,
NNN.V,Nickel One Resources Inc,
NNO.V,Nano One Materials Corp,
NNP.V,Newnorth Projects Ltd.,
NNX.V,Nickel North Exploration,
NOB.V,Noble Mineral Exploratio,
NOL-H.V,Knol Resources Corp,
NOT.V,Noront Resources Ltd.,
NOU.V,Nouveau Monde Mining Ent,
NPA.V,Alphinat Inc.,
NPH.V,Vanc Pharmaceuticals Inc,
NQE.V,Nq Exploration Inc.,
NR.V,Newstrike Resources Ltd.,
NRG.V,Newrange Gold Corp,
NRL.V,Natan Resources Ltd,
NRM.V,Noram Ventures Inc,
NRN.V,Northern Shield Resource,
NRT.V,Big North Graphite Corp,
NSP.V,Naturally Splendid Enter,
NSX.V,Nsgold Corporation,
NTE.V,Network Media Group Inc,
NTQ.V,Novateqni Corporation,
NTS.V,Nanotech Security Corp,
NTY.V,92 Resources Corp,
NU.V,Neutrisci International,
NUG.V,Nulegacy Gold Coporation,
NUK.V,North Sea Energy Inc,
NUX.V,New Pacific Holdings Corp.,
NVI.V,Novra Technologies Inc.,
NVM.V,Nevada Clean Magnesium I,
NVO.V,Novo Resources Corp,
NVT.V,Nortec Minerals Corp.,
NVV.V,Norvista Capital Corp,
NVX.V,Nv Gold Corporation,
NVY.V,Navy Resources Corp,
NW.V,New World Resources Corp,
NWA.V,Northwest Arm Capital Inc,
NWE.V,New West Energy Services,
NWX.V,Newport Exloration Ltd,
NX.V,Noka Resources Inc,
NXG.V,Nexgenrx Inc.,
NXN.V,Nxgold Ltd,
NXO.V,Nexoptic Technology Corp,
NXS.V,Nexus Gold Corp,
NXT.V,Natcore Technology Inc.,
NYX.V,Nyx Gaming Group Limited,
NYX-DB.V,Nyx Gaming Group Ltd 9.0 Pct De,
NYX-WT.V,Nyx Gaming Group Ltd Wts,
NZ.V,New Zealand Energy Corp,
NZN.V,Nevada Zinc Corporation,
NZZ.V,Nitinat Minerals Corpora,
OCN.V,Oceanus Resources Corp,
OCO.V,Oroco Resource Corp.,
OEC.V,Oracle Energy Corp,
OEE.V,Astrix Networks Inc,
OEG.V,Onenergy Inc,
OGI.V,Organigram Holdings Inc,
OGI-WT.V,Organigram Holdings Inc Wts,
OGO.V,0Neorganto Foods Inc,
OK.V,Ok2 Minerals Ltd,
OLA.V,Orla Mining Ltd,
OLV.V,Olivut Resources Ltd.,
OML.V,Omni,Lite Industries Can
OMM.V,Omineca Mining and Metal,
ON.V,Oneroof Energy Group Inc,
ONE.V,01 Communique Laboratory,
ONV.V,Oronova Resource Corp,
OOO.V,Otis Gold Corp.,
OPS.V,Opsens Inc.,
OPW.V,Opawica Explorations Inc,
ORC-B.V,Orca Exploration Group I,
ORE.V,0Neorezone Gold Corporation,
ORG.V,Orca Gold Inc,
ORO.V,New Oroperu Resources In,
ORR.V,Orofino Minerals Inc,
ORS.V,Orestone Mining Corp,
ORX.V,Orefinders Resources Inc,
OSS.V,Onesoft Solutions Inc,
OUP-H.V,Oriana Resources Corporation,
OVT.V,Oculus Visiontech Inc,
OX.V,Orex Exploration Inc.,
OY.V,Oyster Oil and Gas Ltd,
OYL.V,Cgx Energy Inc,
PA.V,Palamina Corp,
PAL.V,Parallel Mining Corp,
PAN.V,Pangolin Diamonds Corp,
PAT.V,Patriot One Technologies Inc,
PAV-H.V,Pacific Arc Resources Ltd,
PBB.V,Peekaboo Beans Inc,
PBM.V,Pacific Bay Minerals Ltd,
PBR.V,Para Resources Inc,
PBS.V,Pacgen Life Science Corp,
PCI.V,Perlite Canada Inc.,
PCO.V,Phoenix Canada Oil Co.Lt,
PCQ.V,Petrolympic Ltd.,
PCR.V,Pinecrest Resources Ltd,
PDP.V,Pediapharm Inc,
PDQ.V,Petrodorado Energy Ltd,
PE.V,Pure Energy Minerals Lim,
PEA.V,Petrolia Inc.,
PED-H.V,Pedro Resources Ltd,
PEH.V,Primeline Energy Holding,
PEO.V,People Corporation,
PET.V,Peat Resources Ltd.,
PEX.V,Pacific Ridge Exploratio,
PFC.V,Petrofrontier Corp.,
PFM.V,Prontoforms Corporation,
PFN.V,Pacific North West Capit,
PGC.V,Plato Gold Corp.,
PGE.V,Group Ten Metals Inc,
PGK.V,Png Gold Corporation,
PGM.V,Pure Gold Mining Inc,
PGS.V,Paget Minerals Corp.,
PGV.V,Prodigy Ventures Inc,
PGX.V,Prosper Gold Corp,
PHI.V,Philippine Metals Inc,
PHL-H.V,Planet Health Corp,
PHM.V,Patient Home Monitoring,
PHM-DB.V,Patient Home Monitoring,
PHO.V,Photon Control Inc.,
PIT-H.V,Pitchblack Resources Ltd,
PJT.V,Partner Jet Corp.,
PJX.V,Pjx Resources Inc,
PKT.V,Parkit Enterprise Inc,
PLA.V,Plata Latina Minerals Co,
PLO-H.V,Paloma Resources Inc.,
PLR.V,Plate Resources Inc,
PLU.V,Plateau Uranium Inc,
PLX.V,Point Loma Resources Ltd,
PLY.V,Playfair Mining Ltd,
PMA.V,Petromaroc Corporation P,
PMI.V,Pmi Resources Ltd.,
PML.V,Panoro Minerals Ltd,
PMX.V,Proam Exploration Corpor,
PNG.V,Kraken Sonar Inc,
PNN.V,Pennine Petroleum Corpor,
PNR-H.V,Prince Resource Corp,
POC.V,Pacific Iron Ore Corpora,
POE.V,Pan Orient Energy Corp.,
POG.V,Perisson Petroleum Corporation,
POR.V,Portofino Resources Inc,
PP.V,Pacific Potash Corporation,
PPA.V,Panorama Petroleum Inc,
PPE.V,Pacific Paradym Energy I,
PPK.V,Prospect Park Capital Co,
PPM.V,Pacific Imperial Mines I,
PPP.V,Parlane Resource Corp,
PPV-H.V,P and P Ventures Inc,
PPX.V,Peruvian Precious Metals,
PPZ-H.V,Pacific Topaz Resources,
PRB.V,Probe Metals Inc,
PRC-H.V,Peace River Capital Corp,
PRG.V,Precipitate Gold Corp,
PRH.V,Pearl River Holdings Ltd,
PRJ.V,Petro Rio Sa,
PRN.V,Profound Medical Corp,
PRO.V,Pershimco Resources Inc.,
PRR.V,Prospector Resources Corp,
PRV-UN.V,Pro Real Estate Investme,
PRV-WT.V,Pro Real Estate Investme,
PRZ-H.V,Prize Mining Corporation,
PSH.V,Petroshale Inc,
PSL.V,Prospero Silver Corp.,
PSP.V,Pacific Safety Products,
PST.V,Pistol Bay Mining Inc,
PSV.V,Palisades Ventures Inc,
PTC.V,Petrox Resources Corp,
PTE.V,Pioneering Technology Co,
PTF.V,Pender Growth Fund Vcc I,
PTG.V,Pivot Technology Solutio,
PTK.V,Poet Technologies Inc,
PTP.V,Petrichor Energy Inc,
PTR.V,Petromin Resources Ltd.,
PTU.V,Purepoint Uranium Group,
PTV.V,Petro Vista Energy Corp.,
PTX.V,Platinex Inc.,
PUC.V,Pancontinental Gold Corporation,
PUM.V,Puma Exploration Inc,
PVF-PR.U.V,Partners Value Investments Series 1 Pref,
PVF-UN.V,Partners Value Investments  LP,
PVF-WT.V,Partners Value Investments Warrants,
PWM.V,Power Metals Corp.,
PX.V,Pelangio Exploration Inc,
PXI.V,Planet Mining Exploratio,
PYD.V,Poydras Gaming Finance C,
PYR.V,Pyrogenesis Canada Inc,
PYT.V,Pyng Medical Corp.,
PZ.V,Portola Resources Inc,
Q.A.V,Questfire Energy Corp Cl,
Q.B.V,Questfire Energy Corp Cl,
QAI-H.V,Cairo Resources Inc,
QBA.V,Lgc Capital Ltd,
QF.V,0Nequickflow Health Inc,
QGR.V,Q Gold Resources Ltd,
QI.V,Q Investments Ltd.,
QIC.V,Quantum International In,
QIS.V,Quorum Information Techn,
QIT.V,Quinto Real Capital Corp,
QMC.V,Qmc Quantum Minerals Cor,
QMX.V,Qmx Gold Corporation,
QNC.V,Quantum Numbers Corp,
QPT.V,Quest Pharmatech Inc.,
QQ.V,Quizam Media Corporation,
QRO-H.V,Quadro Resources Ltd,
QST.V,Questor Technology Inc.,
QTA.V,Quaterra Resources Inc.,
QXP.V,Quattro Exploration and,
QZM.V,Quartz Mountain Resource,
RAB.V,Rambler Metals and Minin,
RAK.V,Rackla Metals Inc,
RAU-H.V,Regency Gold Corp.,
RB.V,Russell Breweries Inc.,
RBE.V,Rockbridge Resources Inc,
RBX.V,Robex Resources Inc,
RCC-H.V,Red Rock Capital Corp,
RCG.V,Resource Capital Gold Corp,
RCK.V,Rock Tech Lithium Inc,
RCT.V,Rochester Resources Ltd.,
RCU.V,Rockcliff Copper Corporation,
RDS.V,Radisson Mining Resource,
RDU.V,Radius Gold Inc.,
REG.V,Regulus Resources Inc,
REK.V,Reko International Group,
REL.V,Roughrider Exploration L,
REN.V,Renaissance Gold Inc,
REO.V,Reservoir Capital Corp.,
RER.V,Remo Resources Inc,
REW.V,Rewardstream Solutions Inc,
REX.V,Orex Minerals Inc,
REZ.V,Redzone Resources Ltd,
RFC.V,Rifco Inc.,
RG.V,Romios Gold Resources In,
RGC.V,Redstar Gold Corp.,
RGD.V,Reunion Gold Corporation,
RGI.V,Reco International Group Inc.,
RGM.V,Remington Resources Inc.,
RGZ-H.V,Randsburg International Gold Corp.,
RHA.V,Annidis Corporation,
RHC.V,Rockefeller Hughes Corpo,
RHT.V,Reliq Health Technologies Inc,
RII.K.V,Richco Investors Inc Sv,
RIN.V,Resinco Capital Partners,
RIR.V,Rainmaker Resources Ltd,
RJ.V,Rojo Resources Ltd,
RJX-A.V,Rjk Explorations Ltd. C,
RK.V,Rockhaven Resources Ltd.,
RKR.V,Rokmaster Resources Corp,
RL.V,Rockland Minerals Corp,
RLS-H.V,Royal Lifescience Corp,
RLV.V,Relevium Technologies Inc,
RM.V,Rodinia Lithium Inc.,
RMD.V,Richmond Minerals Inc.,
RMK.V,Red Moon Potash Inc,
RML.V,Rusoro Mining Ltd,
RMN.V,Red Tiger Mining Inc,
RMO.V,Rainy Mountain Royalty C,
RNG.V,Reliant Gold Corp,
RNP.V,Royalty North Partners Ltd,
ROB.V,Red Hut Metals Inc,
ROC-H.V,Red Oak Mining Corp,
ROE.V,Renaissance Oil Corp,
ROE-WT.V,Renaissance Oil Corp Wts,
ROE-WT.A.V,Renaissance Oil Corp Wts A,
ROG.V,Roxgold Inc.,
ROI.V,Route1 Inc.,
ROL-P.V,Roll Up Capital Corp,
ROM-H.V,Romulus Resources Ltd,
ROT.V,Rotation Minerals Ltd,
ROX.V,Canstar Resources Inc.,
RP.V,Replicel Life Sciences I,
RPC.V,Raise Production Inc,
RPM.V,Rye Patch Gold Corp,
RPP.V,Regent Pacific Propertie,
RPR.V,Rapier Gold Inc,
RPX.V,Red Pine Exploration Inc,
RQM-H.V,Redquest Capital Corp,
RRC.V,Rockridge Capital Corp.,
RRE.V,Reg Technologies Inc,
RRI.V,Riverside Resources Inc.,
RRK-H.V,Red Rock Energy Inc,
RRL.V,Relentless Resources Ltd,
RRM-H.V,Ross River Minerals Inc,
RRR-UN.V,R and R Real Estate Inve,
RRS.V,Rogue Resources Inc,
RSL.V,Royal Sapphire Corp,
RST.V,Rosita Mining Corporatio,
RSV.V,Resolve Ventures Inc.,
RSY.V,Rsi International System,
RTH.V,Rathdowney Resources Ltd,
RTI.V,Radient Technologies Inc,
RTM.V,Rt Minerals Corp,
RUF-DB.U.V,Pure Multi Family REIT L,
RUF.U.V,Pure Multi Family REIT L,
RUF-UN.V,Pure Multi Family REIT L,
RUG.V,Rugby Mining Limited,
RUM.V,Rocky Mountain Liquor In,
RUM-DB.A.V,Rocky Mountain Liquor Inc 7.5 Pct Debs,
RUN.V,Running Fox Resource Cor,
RUP.V,Rupert Resources Ltd.,
RVL.V,Revelo Resources Corp,
RVV.V,Revive Therapeutics Ltd,
RW.V,Renoworks Software Inc.,
RX.V,Biosyent Inc.,
RYE.V,Rhyolite Resources Ltd,
RYO.V,Rio Silver Inc,
RYP-H.V,Ripper Oil and Gas Inc,
RYR.V,Royal Road Minerals Limi,
RYS-H.V,Rhys Resources Ltd,
RYU.V,Ryu Apparel Inc,
RZL.V,Rizal Resources Corporation,
RZZ.V,Abitibi Royalties Inc,
SA.V,Southern Arc Minerals In,
SAE-H.V,Sable Resources Ltd,
SAH.V,Sahara Energy Ltd,
SAI.V,Sunshine Agri Tech Inc.,
SAN.V,Solar Alliance Energy Inc,
SAO-H.V,San Angelo Oil Limited,
SAT.V,Asian Television Network,
SAV-H.V,Savannah Gold Corp,
SAY-H.V,Sparta Capital Ltd,
SB.V,Stratabound Minerals Corp,
SBG-H.V,Spirit Bear Capital Corp,
SBM.V,Sirona Biochem Corp.,
SBO-H.V,Schwabo Capital Corp,
SBW.V,Strongbow Exploration In,
SBX.V,Sea Breeze Power Corp,
SC-H.V,Serrano Resources Ltd,
SCA.V,Savary Gold Corp,
SCD.V,Samoth Oilfield Inc.,
SCG.V,Selectcore Ltd.,
SCR.V,Thescore Inc,
SCR-WT.V,Thescore Inc Wts,
SCZ.V,Santacruz Silver Mining,
SDC.V,Solidusgold Inc,
SDE.V,Standard Exploration Ltd,
SDR.V,Stroud Resources Ltd.,
SDS.V,Seair Inc.,
SDX.V,Sea Dragon Energy Inc.,
SDZ.V,Security Devices Interna,
SEB.V,Smart Employee Benefits,
SEI.V,Sintana Energy Inc,
SEK.V,Secova Metals Corp.,
SEW.V,Seaway Energy Services I,
SFT.V,Softrock Minerals Ltd.,
SFX.V,Sphinx Resources Ltd,
SG.V,Sg Spirit Gold Inc,
SGA.V,Samco Gold Limited,
SGB.V,Solegear Bioplastic Tech,
SGE.V,Strategem Capital Corp,
SGH.V,Standard Graphite Corpor,
SGM.V,Sutter Gold Mining Inc.,
SGN.V,Scorpio Gold Corporation,
SGU.V,Signature Resources Ltd,
SGW.V,Shoal Games Ltd,
SGX.V,Sage Gold Inc.,
SGZ.V,Sego Resources Inc.,
SHJ.V,Shoshoni Gold Ltd,
SHL.V,Spruce Ridge Resources L,
SHM.V,Saccharum Energy Corp,
SI.V,Stratton Resources Inc,
SIC.V,Sokoman Iron Corp,
SIE.V,Sienna Resources Inc,
SIL.V,Silvercrest Metals Inc,
SIL-WT.V,Silvercrest Metals Inc Wts,
SIM.V,Siyata Mobile Inc.,
SIR.V,Serengeti Resources Inc.,
SJL.V,Saint Jean Carbon Inc,
SJR.A.V,Shaw Communications Inc.,
SKE.V,Skeena Resources Limited,
SKK.V,Strikewell Energy Corp.,
SKP.V,Strikepoint Gold Inc.,
SLAU.V,Sandy Lake Gold Inc,
SLC.V,Slyce Inc,
SLG.V,Sterling Resources Ltd,
SLK.V,Silk Road Energy Inc,
SLL.V,Standard Lithium Ltd,
SMD.V,Strategic Metals Ltd,
SME.V,Sama Resources Inc Resso,
SMI.V,Saturn Minerals Inc.,
SMM.V,Silver Mountain Mines In,
SMN.V,San Marco Resources Inc.,
SMO.V,Sonoro Metals Corp,
SMV-H.V,Smc Ventures Inc.,
SMY.V,Search Minerals Inc.,
SN.V,Sennen Potash Corporatio,
SNF.V,Sunora Foods Inc,
SNG.V,Silver Range Resources L,
SNI-PA.V,Sonor Investments Limited,
SNL.V,Signal Exploration Inc,
SNM.V,Shamaran Petroleum Corp.,
SNR.V,Senator Minerals Inc.,
SNS.V,Select Sands Corp,
SNV.V,Sonoro Energy Ltd,
SOC.V,Sonora Gold & Silver Cor,
SOF.V,International Softrock O,
SOG.V,Strategic Oil and Gas Lt,
SOI.V,Sirios Resources Inc.,
SOJ.V,Sojourn Ventures Inc,
SOP.V,Source Exploration Corp.,
SOR.V,Sora Capital Corp,
SPA.V,Spanish Mountain Gold Lt,
SPD.V,Silver Predator Corp,
SPF.V,Silver Pursuit Resources,
SPI.V,Canadian Spirit Resource,
SPK.V,Sunset Pacific Petroleum,
SPL-P.V,Spada Gold Ltd,
SPN.V,Snipp Interactive Inc,
SPP.V,Spot Coffee Canada Ltd.,
SPS.A.V,Sportscene Group Inc.,
SPT.V,Stockport Exploration Inc,
SPX.V,Stellar Africagold Inc,
SPZ.V,Spriza Media Inc,
SQD.V,Sqi Diagnostics Inc.,
SQG.V,Spackman Equities Group,
SRA.V,Stria Lithium Inc,
SRC.V,Stakeholder Gold Corp,
SRI.V,Sparton Resources Inc,
SRJ.V,Spearmint Resources Inc,
SRL.V,Salazar Resources Limite,
SRX.V,Storm Resources Ltd,
SS.V,Summus Solutions Nv,
SSA.V,Spectra Inc,
SSC.V,Smartcool Systems Inc.,
SSE.V,Silver Spruce Resources,
SSG.V,Sigma Industries Inc,
SSM.V,Sunset Cove Mining Inc,
SSN.V,Stetson Oil,
SSP.V,Sandspring Resources Ltd,
SSS.V,Sunvest Minerals Corp,
SSV.V,Southern Silver Explorat,
STA.V,Sanatana Resources Inc,
STC.V,Sangoma Technologies Cor,
STE.V,Starr Peak Exploration Ltd,
STH.V,Stelmine Canada Ltd.,
STI.V,Strategic Resources Inc,
STM.V,Scientific Metals Corp,
STR-H.V,Santa Rosa Resources Cor,
STT.V,Stt Enviro Corp,
STUS-A.V,Starlight US Multi Family No 5,
STUS-U.V,Starlight US Multi Family No 5 USD,
SUI-H.V,Superior Mining Internat,
SUP.V,Northern Superior Resour,
SVA.V,Sernova Corp.,
SVE.V,Silver One Resources Inc,
SVG.V,Silver Grail Resources L,
SVI.V,Storagevault Canada Inc.,
SVS.V,Solarvest Bioenergy Inc,
SVT.V,Savant Explorations Ltd.,
SWA.V,Sarama Resources Ltd,
SXE.V,Strata X Energy Ltd,
SXL.V,Slam Exploration Inc,
SY.V,Symbility Solutions Inc,
SYD.V,Synodon Inc.,
SYH.V,Skyharbour Resources Ltd,
SYI.V,Silvermet Inc.,
SYN.V,Syncordia Tech and Healt,
SYZ.V,Sylogist Ltd,
SZM.V,Scozinc Mining Ltd,
TAC.V,Tasca Resources Ltd,
TAE-H.V,Transamerican Energy Inc,
TAJ.V,Tajiri Resources Corp,
TAN.V,Tanager Energy Inc,
TAR.V,Astar Minerals Ltd,
TAU.V,Tintina Resources Inc.,
TBR.V,Timberline Resources Cor,
TCA.V,Timia Capital Corp,
TCC-H.V,Trenchant Capital Corp,
TCO.V,Transatlantic Mining Corp,
TE.V,Trinity Valley Energy Co,
TEG-H.V,Troy Energy Corp.,
TEK.V,Tekmodo Industries Inc,
TEM.V,Tembo Gold Corp,
TEN.V,Terraco Gold Corp.,
TEP-DB.V,Transeastern Power Trust,
TEP-UN.V,Transeastern Power Trust,
TES.V,Tesoro Minerals Corp,
TGH.V,Tornado Global Hydrovacs Ltd,
TGI-H.V,True Grit Resources Ltd,
TGV.V,Tango Mining Limited,
TGX.V,True North GEMS Inc.,
THH.V,Theia Resources Ltd.,
THM.V,Thunder Mountain Gold In,
THP.V,Totally Hip Technologies,
THX.V,Thor Explorations Ltd.,
TIA-H.V,Triangle Industries Ltd,
TIC.V,Titanium Corporation Inc,
TIC-RT.V,Titanium Corporation Inc RTS,
TII.V,Terra Firma Capital Corp,
TIL.V,Till Capital Ltd,
TIM.V,Toachi Mining Inc,
TIN.V,Eurotin Inc,
TIP-H.V,Tyner Resources Ltd,
TIR-H.V,Tiller Resources Ltd,
TK.V,Tinka Resources Ltd,
TKK.V,Takara Resources Inc.,
TKU.V,Tarku Resources Ltd,
TKX.V,Trackx Holdings Inc,
TLA.V,Titan Logix Corp,
TLK.V,Frankly Inc,
TLL-H.V,Tilting Capital Corp,
TLT.V,Theralase Technologies I,
TMG.V,Thermal Energy Internati,
TMS.V,Targeted Microwave Solutions Inc,
TMT-H.V,Tmt Resources Inc,
TNA.V,Evergreen Gaming Corpora,
TNC.V,Tio Networks Corp.,
TNO-H.V,Terreno Resources Corp,
TNR.V,Tnr Gold Corp,
TOE.V,Tri Origin Exploration L,
TOM.V,Tolima Gold Inc,
TON.V,Standard Tolling Corp,
TOO.V,Toro Oil and Gas Ltd,
TOO-WT.V,Toro Oil & Gas Ltd,
TPC.V,Tenth Avenue Petroleum C,
TPN.V,Taipan Resources Inc.,
TRA.V,Teras Resources Inc,
TRAK.V,Trakopolis Iot Corp,
TRB.V,Tribute Resources Inc,
TRG-H.V,Trigen Resources Inc,
TRM.V,Trueclaim Exploration In,
TRO.V,Taranis Resources Inc.,
TRS.V,Tres,Or Resources Ltd.
TRU.V,Trius Investments Inc.,
TSD.V,Tsodilo Resources Ltd,
TSG.V,Tristar Gold Inc.,
TSN.V,Telson Resources Inc,
TSP.V,Titan Star Properties In,
TSP-DB.V,Titanstar Properties Inc,
TSR-H.V,Top Strike Resources Cor,
TTD.V,Tinkerine Studios Ltd,
TTG-H.V,Trident Gold Corp,
TTM.V,3Tl Technologies Corp,
TTO-H.V,Atoro Capital Corp,
TTR.V,Titanium Transportation,
TTS.V,Tintina Mines Ltd,
TTZ.V,Total Telcom Inc.,
TUD.V,Tudor Gold Corp,
TUF.V,Honey Badger Exploration,
TUO.V,Teuton Resources Corp,
TVI.V,Tvi Pacific Inc,
TVL.V,Traverse Energy Ltd.,
TWM.V,Tidewater Midstream and,
TWR.V,Tower Resources Ltd,
TXR.V,Terrax Minerals Inc.,
TXX.V,Tirex Resources Ltd.,
TYE.V,Troymet Exploration Corp,
TYP.V,Typhoon Exploration Inc.,
TZR.V,Terrace Energy Corp,
TZR-DB.V,Terrace Energy Corp 8.0,
UBN.V,Urban Communications Inc,
UBS-H.V,Unique Broadband Systems,
UCU.V,Ucore Rare Metals Inc,
UFC.V,Urbanfund Corp.,
UGD.V,Unigold Inc.,
UGE.V,Uge International Ltd,
UGE-WT.V,Uge International Ltd Wts,
UHO.V,United Hunter Oil and Ga,
UI.V,Urbanimmersive Technolog,
ULI.V,Ultra Lithium Inc.,
UNI.V,Unisync Corp Class B,
UNO.V,Northern Uranium Corp,
URA.V,Anglo Canadian Mining Co,
URC.V,Uracan Resources Ltd.,
USO.V,US Oil Sands Inc,
USS.V,Uniserve Communications,
UTY.V,Unity Energy Corp,
UVN.V,Uravan Minerals Inc.,
VAL.V,Valgold Resources Ltd,
VAN.V,Vangold Resources Ltd,
VANC.V,Vanc Pharmaceuticals Inc,
VAX.V,Vantex Resources Ltd.,
VBI-H.V,Vivione Biosciences Inc,
VCI.V,Vitreous Glass Inc.,
VCV-H.V,Vatic Ventures Corp,
VDO.V,Nevado Resources Corpora,
VDR.V,Vendome Resources Corp.,
VEL.V,Vanoil Energy Ltd.,
VEM-H.V,Vena Resources Inc,
VGD.V,Visible Gold Mines Inc.,
VGL.V,Vigil Health Solutions I,
VGN.V,Greencastle Res Ltd.,
VGO.V,Vogogo Inc,
VHI.V,Vitalhub Corp,
VHO.V,Virginia Hills Oil Corp,
VIE-P.V,Vier Capital Corp,
VIO.V,Societe D Exploration Mi,
VIS.V,Visionstate Corp,
VIT.V,Victoria Gold Corp.,
VIV.V,Avivagen Inc,
VLA.V,Vela Minerals Ltd,
VLT.V,Voltaic Minerals Corp,
VLV.V,Venerable Ventures Ltd.,
VML.V,Viscount Mining Corp,
VMY-H.V,Voice Mobility Internati,
VPI.V,Vitality Products Inc.,
VPO-H.V,Valparaiso Energy Inc.,
VPT.V,Ventripoint Diagnostics,
VPY.V,Versapay Corporation,
VQA.V,Valterra Resource Corp,
VQS.V,Viq Solutions Inc.,
VR.V,Victory Resources Corpor,
VRB.V,Vanadiumcorp Resource In,
VRS.V,Verisante Technology Inc,
VRY.V,Petro Victory Energy Cor,
VSR.V,Vanstar Mining Resources,
VTC-H.V,Svt Capital Corp,
VTI.V,Valdor Technology Intern,
VTT.V,Vendetta Mining Corp,
VUI.V,Virginia Energy Resource,
VUL.V,Vulcan Minerals Inc,
VUX.V,Vital Energy Inc,
VV.V,Versatile Systems Inc.,
VVA.V,Avagenesis Corp,
VVC.V,Vvc Exploration Corp.,
VVI-H.V,Valencia Ventures Inc,
VVN.V,Victory Ventures Inc,
VXL.V,Vaxil Bio Ltd,
VYC.V,Vanity Capital Inc,
VZZ-H.V,Uranium Valley Mines Ltd,
WAF.V,West African Resources L,
WAF-WT.V,West African Resources L,
WAR.V,War Eagle Mining Company,
WAS-H.V,Watusi Capital Corp,
WAV.V,Pepcap Resources Inc,
WBE.V,Westbond Enterprises Cor,
WCB.V,Wcb Resources Ltd,
WCC.V,Consolidated Woodjam Cop,
WCE.V,Wescan Energy Corp,
WDG.V,Giyani Gold Corp,
WEB.V,Westbridge Energy Corpor,
WED.V,The Westaim Corporation,
WEE.V,Wavefront Technology Sol,
WFG.V,Waterfront Capital Corpo,
WGF.V,Wescan Goldfields Inc,
WGX-H.V,Whistler Gold Exploratio,
WHM.V,White Metal Resources Co,
WHN.V,Westhaven Ventures Inc,
WHY.V,West High Yield Resource,
WIL.V,Wilton Resources Inc,
WKG.V,Westkam Gold Corp,
WKM.V,West Kirkland Mining Inc,
WKM-WT.V,West Kirkland Mining Inc,
WLF.V,Wolfden Resources Corpor,
WLV.V,Wolverine Minerals Corp.,
WMK-H.V,Whitemud Resources Inc,
WML.V,Wealth Minerals Ltd.,
WMR.V,Westminster Resources Lt,
WMT.V,West Mountain Environmen,
WP.V,Western Pacific Trust Co,
WPQ.V,Wpc Resources Inc,
WR-H.V,Worldwide Resources Corp,
WRI.V,Waseco Resources Inc.,
WRP.V,Western Pacific Resource,
WRR.V,Walker River Resources C,
WRS-H.V,Woodrose Corporation,
WRY.V,Western Troy Cap Res Inc,
WSE.V,Wellstar Energy Corp,
WSH-P.V,Westshire Capital II Corp,
WST-H.V,Westridge Resources Inc,
WTR.V,Westcore Energy Ltd.,
WZR.V,Westernzagros Resources,
XAG.V,Xtierra Inc.,
XBC.V,Xebec Adsorption Inc,
XCX.V,Chinook Tyee Industry Li,
XIA.V,Xiana Mining Inc,
XIM.V,Ximen Mining Corp,
XL.V,Xxl Energy Corp.,
XND.V,Xander Resources Inc,
XOP.V,Canadian Overseas Petrol,
XOP-WT.V,Canadian Overseas Petroleum Ltd Wts,
XOP-WT.A.V,Canadian Overseas Petroleum Ltd Wts A,
XTM.V,Transition Metals Corp,
XTT.V,X Terra Resources Inc,
XX.V,Avante Logixx Inc,
XYL.V,Xylitol Canada Inc.,
YAK.V,Mongolia Growth Group Lt,
YD.V,Ydreams Global Interactive Tech Inc,
YES.V,Char Technologies Ltd,
YFI.V,Edgewater Wireless Syste,
YOO.V,Yangaroo Inc,
YSC-H.V,Yongsheng Capital Inc,
YTY.V,Wi2Wi Corporation,
YVI.V,Yorkton Ventures Inc,
ZAD.V,Zadar Ventures Ltd,
ZAZ.V,Zazu Metals Corporation,
ZC.V,Zimtu Capital Corp.,
ZCC.V,Zena Mining Corp.,
ZEE.V,Zenith Energy Ltd,
ZEN.V,Zenyatta Ventures Ltd.,
ZFR.V,Zephyr Minerals Ltd,
ZKL.V,China Keli Electric Co Ltd,
ZMA.V,Zoomaway Travel Inc,
ZMD.V,Zoommed Inc.,
ZMS.V,Zecotek Photonics Inc.,
ZNC-H.V,Zincore Metals Inc,
ZOM.V,Zomedica Pharmaceuticals Corp,
ZON.V,Zonte Metals Inc,
ZUM.V,Zoomermedia Limited,