AAV.TO,Advantage Oil & Gas Ltd.
AEM.TO,Agnico Eagle Mines Limited
AGU.TO,Agrium Inc.
AIM.TO,Aimia Inc.
AC.TO,Air Canada
AGI.TO,Alamos Gold Inc.
AQN.TO,Algonquin Power & Utilities Corp.
ATD-A.TO,Alimentation Couche-Tard Inc.
ATD-B.TO,Alimentation Couche-Tard Inc.
ALA.TO,AltaGas Ltd.
AIF.TO,Altus Group Limited
AYA.TO,Amaya Inc.
ARX.TO,ARC Resources Ltd.
ACO-X.TO,ATCO Ltd.
BTO.TO,B2Gold Corp.
BAD.TO,Badger Daylighting Ltd.
BMO.TO,Bank of Montreal
BNS.TO,The Bank of Nova Scotia
ABX.TO,Barrick Gold Corporation
BTE.TO,Baytex Energy Corp.
BCE.TO,BCE Inc.
BIR.TO,Birchcliff Energy Ltd.
BIR.TO,Birchcliff Energy Ltd.
BB.TO,BlackBerry Limited
BBD-B.TO,Bombardier Inc.
BNP.TO,Bonavista Energy Corporation
BLX.TO,Boralex Inc.
BYD-UN.TO,Boyd Group Income Fund
BAM-A.TO,Brookfield Asset Management Inc.
BIP-UN.TO,Brookfield Infrastructure Partners L.P.
BPY-UN.TO,Brookfield Property Partners L.P.
BEP-UN.TO,Brookfield Renewable Partners L.P.
CAE.TO,CAE Inc.
CCO.TO,Cameco Corporation
CEU.TO,Canadian Energy Services & Technology Corp.
CM.TO,Canadian Imperial Bank of Commerce
CNR.TO,Canadian National Railway Company
CNQ.TO,Canadian Natural Resources Limited
CP.TO,Canadian Pacific Railway Limited
CTC-A.TO,"Canadian Tire Corporation, Limited"
CTC-A.TO,"Canadian Tire Corporation, Limited"
CU-X.TO,Canadian Utilities Limited
CU.TO,Canadian Utilities Limited
CWB.TO,Canadian Western Bank
CFP.TO,Canfor Corporation
CGC.TO,Canopy Growth Corporation
CPX.TO,Capital Power Corporation
CAS.TO,Cascades Inc.
CCL-B.TO,CCL Industries Inc.
CVE.TO,Cenovus Energy Inc.
CEE.TO,Centamin Plc
CG.TO,Centerra Gold Inc.
CEF-A.TO,Central Fund of Canada Limited
GIB-A.TO,CGI Group Inc.
CSH-UN.TO,Chartwell Retirement Residences
CHE-UN.TO,Chemtrade Logistics Income Fund
CGG.TO,China Gold International Resources Corp. Ltd.
CIX.TO,CI Financial Corp
CGX.TO,Cineplex Inc.
CCA.TO,Cogeco Communications Inc.
CIGI.TO,CIGI.TO
CSU.TO,Constellation Software Inc.
CJR-B.TO,Corus Entertainment Inc.
BCB.TO,Cott Corporation
CPG.TO,Crescent Point Energy Corp.
CR.TO,Crew Energy Inc.
DSG.TO,The Descartes Systems Group Inc
DGC.TO,Detour Gold Corporation
DH.TO,DH Corporation
DOL.TO,Dollarama Inc.
UFS.TO,Domtar Corporation
DII-B.TO,Dorel Industries Inc.
ELF.TO,E-L Financial Corporation Limited
ECN.TO,ECN Capital Corp.
ELD.TO,Eldorado Gold Corporation
EFN.TO,Element Fleet Management Corp.
EMA.TO,Emera Incorporated
EMP-A.TO,Empire Company Limited
ENB.TO,Enbridge Inc.
ENF.TO,Enbridge Income Fund Holdings Inc.
ECA.TO,Encana Corporation
EDV.TO,Endeavour Mining Corporation
ECI.TO,EnerCare Inc.
EFX.TO,Enerflex Ltd.
ERF.TO,Enerplus Corporation
ENGH.TO,Enghouse Systems Limited
ESI.TO,Ensign Energy Services Inc.
ET.TO,Evertz Technologies Limited
EIF.TO,Exchange Income Corporation
FFH.TO,Fairfax Financial Holdings Limited
FTT.TO,Finning International Inc.
FCR.TO,First Capital Realty Inc.
FR.TO,First Majestic Silver Corp.
FN.TO,First National Financial Corporation
FM.TO,First Quantum Minerals Ltd.
FTS.TO,Fortis Inc.
FVI.TO,Fortuna Silver Mines Inc.
FNV.TO,Franco-Nevada Corporation
FRU.TO,Freehold Royalties Ltd.
GMM-U.TO,GENERAL MOTORS COMPANY
MIC.TO,Genworth MI Canada Inc.
WN.TO,George Weston Limited
GEI.TO,Gibson Energy Inc.
GIL.TO,Gildan Activewear Inc.
G.TO,Goldcorp Inc.
GTE.TO,Gran Tierra Energy Inc.
GC.TO,Great Canadian Gaming Corporation
GWO.TO,Great-West Lifeco Inc.
HCG.TO,Home Capital Group Inc.
HBM.TO,HudBay Minerals Inc.
HBC.TO,Hudson's Bay Company
HSE.TO,Husky Energy Inc.
H.TO,Hydro One Limited
IMG.TO,IAMGOLD Corporation
IGM.TO,IGM Financial Inc.
IMO.TO,Imperial Oil Limited
IAG.TO,Industrial Alliance Insurance and Financial Services Inc.
INE.TO,Innergex Renewable Energy Inc.
IFC.TO,Intact Financial Corporation
IPL.TO,Inter Pipeline Ltd.
IFP.TO,Interfor Corporation
ITP.TO,Intertape Polymer Group Inc.
IVN.TO,Ivanhoe Mines Ltd.
PJC-A.TO,The Jean Coutu Group (PJC) Inc.
JE.TO,Just Energy Group Inc.
KEL.TO,Kelt Exploration Ltd.
KEY.TO,Keyera Corp.
KXS.TO,Kinaxis Inc.
K.TO,Kinross Gold Corporation
GUD.TO,Knight Therapeutics Inc.
LB.TO,Laurentian Bank of Canada
LNF.TO,Leon's Furniture Limited
LNR.TO,Linamar Corporation
L.TO,Loblaw Companies Limited
LUC.TO,Lucara Diamond Corp.
LUN.TO,Lundin Mining Corporation
MDA.TO,"MacDonald, Dettwiler and Associates Ltd."
MAG.TO,MAG Silver Corp.
MAL.TO,Magellan Aerospace Corporation
MG.TO,Magna International Inc.
MBT.TO,Manitoba Telecom Services Inc.
MFC.TO,Manulife Financial Corporation
MFI.TO,Maple Leaf Foods Inc.
MUX.TO,McEwen Mining Inc.
MEG.TO,MEG Energy Corp.
MX.TO,Methanex Corporation
MRU.TO,Metro Inc.
MNW.TO,Mitel Networks Corporation
TPX-B.TO,Molson Coors Canada Inc.
MRC.TO,Morguard Corporation
MSI.TO,Morneau Shepell Inc.
MPV.TO,Mountain Province Diamonds Inc.
MTY.TO,MTY Food Group Inc.
MTL.TO,Mullen Group Ltd.
NA.TO,National Bank of Canada
NSU.TO,Nevsun Resources Ltd.
NFI.TO,New Flyer Industries Inc.
NGD.TO,"New Gold, Inc."
OSB.TO,Norbord Inc.
NPI.TO,Northland Power Inc.
NG.TO,NovaGold Resources Inc.
NVA.TO,NuVista Energy Ltd.
OGC.TO,OceanaGold Corporation
ONEX.TO,Onex Corporation
OTC.TO,Open Text Corporation
OR.TO,Osisko Gold Royalties Ltd.
PEN.TO,Pacific Exploration & Production Corporation
PAA.TO,Pan American Silver Corp.
POU.TO,Paramount Resources Ltd.
PXT.TO,Parex Resources Inc.
PKI.TO,Parkland Fuel Corporation
PSI.TO,Pason Systems Inc.
PEG.TO,Pattern Energy Group Inc.
PPL.TO,Pembina Pipeline Corporation
PWT.TO,Penn West Petroleum Ltd.
PEY.TO,Peyto Exploration & Development Corp
POT.TO,Potash Corporation of Saskatchewan Inc.
POW.TO,Power Corporation of Canada
PWF.TO,Power Financial Corporation
PSK.TO,PrairieSky Royalty Ltd.
PD.TO,Precision Drilling Corporation
PBH.TO,Premium Brands Holdings Corporation
PVG.TO,Pretium Resources Inc.
PLI.TO,ProMetic Life Sciences Inc.
QBR-A.TO,Quebecor Inc.
QBR-B.TO,Quebecor Inc.
RRX.TO,Raging River Exploration Inc.
QSR.TO,Restaurant Brands International Inc.
RCH.TO,Richelieu Hardware Ltd.
REI-UN.TO,Riocan Real Estate Investment Trust
RBA.TO,Ritchie Bros. Auctioneers Incorporated
RCI-A.TO,Rogers Communications Inc.
RCI-B.TO,Rogers Communications Inc.
RY.TO,Royal Bank of Canada
RUS.TO,Russel Metals Inc.
SAP.TO,Saputo Inc.
SES.TO,Secure Energy Services Inc.
SMF.TO,SEMAFO Inc.
VII.TO,Seven Generations Energy Ltd.
SJR-B.TO,Shaw Communications Inc.
SCL.TO,ShawCor Ltd.
SHOP.TO,Shopify Inc.
SSO.TO,Silver Standard Resources Inc.
SLW.TO,Silver Wheaton Corp.
ZZZ.TO,Sleep Country Canada Holdings Inc.
SNC.TO,SNC-Lavalin Group Inc.
SPE.TO,Spartan Energy Corp.
STN.TO,Stantec Inc.
SJ.TO,Stella-Jones Inc.
SLF.TO,Sun Life Financial Inc.
SU.TO,Suncor Energy Inc.
SPB.TO,Superior Plus Corp.
THO.TO,Tahoe Resources Inc.
TCK-B.TO,Teck Resources Limited
T.TO,TELUS Corporation
NWC.TO,The North West Company Inc.
TRI.TO,Thomson Reuters Corporation
TMR.TO,TMAC Resources Inc.
X.TO,TMX Group Limited
TOG.TO,TORC Oil & Gas Ltd.
TXG.TO,Torex Gold Resources Inc
TIH.TO,Toromont Industries Ltd.
TD.TO,The Toronto-Dominion Bank
TOU.TO,Tourmaline Oil Corp.
TA.TO,TransAlta Corporation
RNW.TO,TransAlta Renewables Inc.
TRP.TO,TransCanada Corporation
TCL-A.TO,Transcontinental Inc.
TFI.TO,TransForce Inc.
TCN.TO,Tricon Capital Group Inc.
TRQ.TO,Turquoise Hill Resources Ltd.
UNS.TO,Uni-Select Inc.
UNC.TO,United Corporations Ord
VRX.TO,"Valeant Pharmaceuticals International, Inc."
VSN.TO,Veresen Inc.
VET.TO,Vermilion Energy Inc.
WCN.TO,"Waste Connections, Inc."
WFT.TO,West Fraser Timber Co. Ltd.
WJA.TO,WestJet Airlines Ltd.
WTE.TO,Westshore Terminals Investment Corporation
WCP.TO,Whitecap Resources Inc.
WPK.TO,Winpak Ltd.
WSP.TO,WSP Global Inc.
YRI.TO,Yamana Gold Inc.
MMM,3M Company
ABT,Abbott Laboratories
ABBV,AbbVie Inc.
ACN,Accenture plc
ATVI,"Activision Blizzard, Inc."
AYI,"Acuity Brands, Inc."
ADBE,Adobe Systems Incorporated
AAP,"Advance Auto Parts, Inc."
AES,The AES Corporation
AET,Aetna Inc.
AMGN,Amgen Inc.
AFL,Aflac Incorporated
A,"Agilent Technologies, Inc."
APD,"Air Products and Chemicals, Inc."
AKAM,"Akamai Technologies, Inc."
ALK,"Alaska Air Group, Inc."
ALB,Albemarle Corporation
ALXN,"Alexion Pharmaceuticals, Inc."
ALLE,Allegion Plc
AGN,Allergan plc
ADSK,"Autodesk, Inc."
LNT,Alliant Energy Corporation
ALL,The Allstate Corporation
GOOGL,Alphabet Inc.
GOOG,Alphabet Inc.
MO,"Altria Group, Inc."
AMZN,"Amazon.com, Inc."
AEE,Ameren Corporation
AAL,American Airlines Group Inc.
AEP,"American Electric Power Company, Inc."
AXP,American Express Company
AIG,"American International Group, Inc."
AMT,American Tower Corporation
AWK,"American Water Works Company, Inc."
AMP,"Ameriprise Financial, Inc."
ABC,AmerisourceBergen Corporation
AME,"AMETEK, Inc."
APH,Amphenol Corporation
APC,Anadarko Petroleum Corporation
ADI,"Analog Devices, Inc."
ANTM,"Anthem, Inc."
AON,Aon plc
APA,Apache Corporation
AAPL,Apple Inc.
AMAT,"Applied Materials, Inc."
ADM,Archer-Daniels-Midland Company
ARNC,Arconic Inc.
AJG,Arthur J. Gallagher & Co.
AIZ,"Assurant, Inc."
T,AT&T Inc.
ADS,Alliance Data Systems Corporation
ADP,"Automatic Data Processing, Inc."
AN,"AutoNation, Inc."
AZO,"AutoZone, Inc."
AVB,"AvalonBay Communities, Inc."
AVY,Avery Dennison Corporation
BHI,Baker Hughes Incorporated
BLL,Ball Corporation
BAC,Bank of America Corporation
BK,The Bank of New York Mellon Corporation
BAX,Baxter International Inc.
BBT,BB&T Corporation
BDX,"Becton, Dickinson and Company"
BBBY,Bed Bath & Beyond Inc.
BRK-B,Berkshire Hathaway Inc.
BBY,"Best Buy Co., Inc."
BIIB,Biogen Inc.
BLK,"BlackRock, Inc."
BA,The Boeing Company
BWA,BorgWarner Inc.
BXP,"Boston Properties, Inc."
BSX,Boston Scientific Corporation
BMY,Bristol-Myers Squibb Company
AVGO,Broadcom Limited
BF-B,Brown-Forman Corporation
BCR,"C. R. Bard, Inc."
CHRW,"C.H. Robinson Worldwide, Inc."
CA,"CA, Inc."
COG,Cabot Oil & Gas Corporation
CPB,Campbell Soup Company
COF,Capital One Financial Corporation
CAH,"Cardinal Health, Inc."
KMX,CarMax Inc.
CCL,Carnival Corporation
CAT,Caterpillar Inc.
CBG,"CBRE Group, Inc."
CBS,CBS Corporation
CELG,Celgene Corporation
CNC,Centene Corporation
CNP,"CenterPoint Energy, Inc."
CTL,"CenturyLink, Inc."
CERN,Cerner Corporation
CF,"CF Industries Holdings, Inc."
SCHW,The Charles Schwab Corporation
CHK,Chesapeake Energy Corporation
CVX,Chevron Corporation
CMG,"Chipotle Mexican Grill, Inc."
CHTR,"Charter Communications, Inc."
CB,Chubb Limited
CHD,"Church & Dwight Co., Inc."
CI,Cigna Corporation
XEC,Cimarex Energy Co.
CINF,Cincinnati Financial Corporation
CTAS,Cintas Corporation
CSCO,"Cisco Systems, Inc."
C,Citigroup Inc.
CFG,"Citizens Financial Group, Inc."
CTXS,"Citrix Systems, Inc."
CLX,The Clorox Company
CME,CME Group Inc.
CMS,CMS Energy Corporation
COH,"Coach, Inc."
KO,The Coca-Cola Company
CTSH,Cognizant Technology Solutions Corporation
CL,Colgate-Palmolive Company
CMCSA,Comcast Corporation
CMA,Comerica Incorporated
CAG,"Conagra Brands, Inc."
CXO,Concho Resources Inc.
COP,ConocoPhillips
ED,"Consolidated Edison, Inc."
STZ,"Constellation Brands, Inc."
COO,"The Cooper Companies, Inc."
GLW,Corning Incorporated
COST,Costco Wholesale Corporation
COTY,Coty Inc.
CCI,Crown Castle International Corp.
CSRA,CSRA Inc.
CSX,CSX Corporation
CMI,Cummins Inc.
CVS,CVS Health Corporation
DHI,"D.R. Horton, Inc."
DHR,Danaher Corporation
DRI,"Darden Restaurants, Inc."
DE,Deere & Company
DLPH,Delphi Automotive PLC
DAL,"Delta Air Lines, Inc."
XRAY,DENTSPLY SIRONA Inc.
DVN,Devon Energy Corporation
DLR,"Digital Realty Trust, Inc."
DFS,Discover Financial Services
DISCA,"Discovery Communications, Inc."
DISCK,"Discovery Communications, Inc."
DG,Dollar General Corporation
DLTR,"Dollar Tree, Inc."
D,"Dominion Resources, Inc."
DOV,Dover Corporation
DOW,The Dow Chemical Company
DPS,"Dr Pepper Snapple Group, Inc."
DTE,DTE Energy Company
DUK,Duke Energy Corporation
DNB,The Dun & Bradstreet Corporation
ETFC,E*TRADE Financial Corporation
DD,E. I. du Pont de Nemours and Company
EMN,Eastman Chemical Company
EBAY,eBay Inc.
ECL,Ecolab Inc.
EIX,Edison International
EW,Edwards Lifesciences Corporation
EA,Electronic Arts Inc.
LLY,Eli Lilly and Company
EMR,Emerson Electric Co.
ENDP,Endo International plc
ETR,Entergy Corporation
EOG,"EOG Resources, Inc."
EQT,EQT Corporation
EFX,Equifax Inc.
EQIX,"Equinix, Inc."
EQR,Equity Residential
ESS,"Essex Property Trust, Inc."
EL,The Est®¶e Lauder Companies Inc.
ES,Eversource Energy
EXC,Exelon Corporation
EXPE,"Expedia, Inc."
EXPD,"Expeditors International of Washington, Inc."
ESRX,Express Scripts Holding Company
EXR,Extra Space Storage Inc.
XOM,Exxon Mobil Corporation
FFIV,"F5 Networks, Inc."
FB,"Facebook, Inc."
FAST,Fastenal Company
FRT,Federal Realty Investment Trust
FDX,FedEx Corporation
FIS,"Fidelity National Information Services, Inc."
FITB,Fifth Third Bancorp
FSLR,"First Solar, Inc."
FE,FirstEnergy Corp.
FISV,"Fiserv, Inc."
FLIR,"FLIR Systems, Inc."
FLS,Flowserve Corporation
FLR,Fluor Corporation
FMC,FMC Corporation
FTI,"FMC Technologies, Inc."
FL,"Foot Locker, Inc."
F,Ford Motor Company
ETN,Eaton Corporation plc
DVA,DaVita Inc.
FTV,Fortive Corporation
FBHS,"Fortune Brands Home & Security, Inc."
BEN,"Franklin Resources, Inc."
FCX,Freeport-McMoRan Inc.
FTR,Frontier Communications Corporation
GPS,"The Gap, Inc."
GRMN,Garmin Ltd.
GD,General Dynamics Corporation
GE,General Electric Company
GGP,"General Growth Properties, Inc"
GIS,"General Mills, Inc."
GM,General Motors Company
GPC,Genuine Parts Company
GILD,Gilead Sciences Inc.
GPN,Global Payments Inc.
GS,"The Goldman Sachs Group, Inc."
GT,The Goodyear Tire & Rubber Company
HRB,"H&R Block, Inc."
HAL,Halliburton Company
HBI,Hanesbrands Inc.
HOG,"Harley-Davidson, Inc."
HAR,"Harman International Industries, Incorporated"
HRS,Harris Corporation
HIG,"The Hartford Financial Services Group, Inc."
HAS,"Hasbro, Inc."
HCA,"HCA Holdings, Inc."
HCP,"HCP, Inc."
HP,"Helmerich & Payne, Inc."
HSIC,"Henry Schein, Inc."
HSY,The Hershey Company
HES,Hess Corporation
HPE,Hewlett Packard Enterprise Company
HOLX,"Hologic, Inc."
HD,"The Home Depot, Inc."
HON,Honeywell International Inc.
HRL,Hormel Foods Corporation
HST,"Host Hotels & Resorts, Inc."
HPQ,HP Inc.
HUM,Humana Inc.
HBAN,Huntington Bancshares Incorporated
ITW,Illinois Tool Works Inc.
ILMN,"Illumina, Inc."
IR,Ingersoll-Rand Plc
INTC,Intel Corporation
ICE,"Intercontinental Exchange, Inc."
IBM,International Business Machines Corporation
IFF,International Flavors & Fragrances Inc.
IP,International Paper Company
IPG,"The Interpublic Group of Companies, Inc."
INTU,Intuit Inc.
ISRG,"Intuitive Surgical, Inc."
IVZ,Invesco Ltd.
IRM,Iron Mountain Incorporated
SJM,The J. M. Smucker Company
JBHT,"J.B. Hunt Transport Services, Inc."
JEC,Jacobs Engineering Group Inc.
JNJ,Johnson & Johnson
JCI,Johnson Controls International plc
JPM,JPMorgan Chase & Co.
JNPR,"Juniper Networks, Inc."
KSU,Kansas City Southern
K,Kellogg Company
KEY,KeyCorp
KMB,Kimberly-Clark Corporation
KIM,Kimco Realty Corporation
KMI,"Kinder Morgan, Inc."
KLAC,KLA-Tencor Corporation
KSS,Kohl's Corporation
KHC,The Kraft Heinz Company
KR,The Kroger Co.
LB,"L Brands, Inc."
LH,Laboratory Corporation of America Holdings
LRCX,Lam Research Corporation
LLL,"L-3 Communications Holdings, Inc."
LW,"Lamb Weston Holdings, Inc."
LM,"Legg Mason, Inc."
LEG,"Leggett & Platt, Incorporated"
LEN,Lennar Corporation
LUK,Leucadia National Corporation
LVLT,"Level 3 Communications, Inc."
LNC,Lincoln National Corporation
LLTC,Linear Technology Corporation
LKQ,LKQ Corporation
LMT,Lockheed Martin Corporation
L,Loews Corporation
LOW,"Lowe's Companies, Inc."
LYB,LyondellBasell Industries N.V.
MTB,M&T Bank Corporation
MAC,The Macerich Company
M,"Macy's, Inc."
MNK,Mallinckrodt Public Limited Company
MRO,Marathon Oil Corporation
MPC,Marathon Petroleum Corporation
MAR,"Marriott International, Inc."
MMC,"Marsh & McLennan Companies, Inc."
MLM,"Martin Marietta Materials, Inc."
MAS,Masco Corporation
MA,Mastercard Incorporated
MAT,"Mattel, Inc."
MKC,"McCormick & Company, Incorporated"
MCD,McDonald's Corporation
MCK,McKesson Corporation
MJN,Mead Johnson Nutrition Company
MDT,Medtronic plc
MRK,"Merck & Co., Inc."
MET,"MetLife, Inc."
MTD,Mettler-Toledo International Inc.
KORS,Michael Kors Holdings Limited
MCHP,Microchip Technology Incorporated
MU,"Micron Technology, Inc."
MSFT,Microsoft Corporation
MHK,"Mohawk Industries, Inc."
TAP,Molson Coors Brewing Company
MDLZ,"Mondelez International, Inc."
MON,Monsanto Company
MNST,Monster Beverage Corporation
MCO,Moody's Corporation
MS,Morgan Stanley
MOS,The Mosaic Company
MSI,"Motorola Solutions, Inc."
MUR,Murphy Oil Corporation
MYL,Mylan N.V.
NDAQ,"Nasdaq, Inc."
NOV,"National Oilwell Varco, Inc."
NAVI,Navient Corporation
NTAP,"NetApp, Inc."
NFLX,"Netflix, Inc."
NWL,Newell Brands Inc.
NFX,Newfield Exploration Company
NEM,Newmont Mining Corporation
NWSA,News Corporation
NEE,"NextEra Energy, Inc."
NLSN,Nielsen Holdings plc
NKE,"NIKE, Inc."
NI,NiSource Inc.
NBL,"Noble Energy, Inc."
JWN,"Nordstrom, Inc."
NSC,Norfolk Southern Corporation
NTRS,Northern Trust Corporation
NOC,Northrop Grumman Corporation
NRG,"NRG Energy, Inc."
NUE,Nucor Corporation
NVDA,NVIDIA Corporation
OXY,Occidental Petroleum Corporation
OMC,Omnicom Group Inc.
OKE,"ONEOK, Inc."
ORCL,Oracle Corporation
ORLY,"O'Reilly Automotive, Inc."
PCAR,PACCAR Inc
PH,Parker-Hannifin Corporation
PAYX,"Paychex, Inc."
PYPL,"PayPal Holdings, Inc."
PNR,Pentair plc
PEP,"Pepsico, Inc."
PKI,"PerkinElmer, Inc."
PRGO,Perrigo Company plc
PFE,Pfizer Inc.
PCG,PG&E Corporation
PM,Philip Morris International Inc.
PSX,Phillips 66
PNW,Pinnacle West Capital Corporation
PXD,Pioneer Natural Resources Company
PBI,Pitney Bowes Inc.
PNC,"The PNC Financial Services Group, Inc."
PPG,"PPG Industries, Inc."
PPL,PPL Corporation
PX,"Praxair, Inc."
PCLN,The Priceline Group Inc.
PFG,"Principal Financial Group, Inc."
PG,The Procter & Gamble Company
PGR,The Progressive Corporation
PRU,"Prudential Financial, Inc."
PEG,Public Service Enterprise Group Incorporated
PSA,Public Storage
PHM,"PulteGroup, Inc."
PVH,PVH Corp.
QRVO,"Qorvo, Inc."
QCOM,QUALCOMM Incorporated
PWR,"Quanta Services, Inc."
DGX,Quest Diagnostics Incorporated
RL,Ralph Lauren Corporation
RRC,Range Resources Corporation
RTN,Raytheon Company
O,Realty Income Corporation
RHT,"Red Hat, Inc."
REGN,"Regeneron Pharmaceuticals, Inc."
RF,Regions Financial Corporation
RSG,"Republic Services, Inc."
RAI,Reynolds American Inc.
RHI,Robert Half International Inc.
ROK,Rockwell Automation Inc.
COL,"Rockwell Collins, Inc."
ROP,"Roper Technologies, Inc."
ROST,"Ross Stores, Inc."
RCL,Royal Caribbean Cruises Ltd.
R,"Ryder System, Inc."
SPGI,"S&P Global, Inc."
CRM,"salesforce.com, inc."
SCG,SCANA Corporation
SLB,Schlumberger Limited
SNI,"Scripps Networks Interactive, Inc."
STX,Seagate Technology plc
SEE,Sealed Air Corporation
SRE,Sempra Energy
SHW,The Sherwin-Williams Company
SIG,Signet Jewelers Limited
SPG,"Simon Property Group, Inc."
SWKS,"Skyworks Solutions, Inc."
SLG,SL Green Realty Corp.
SNA,Snap-on Incorporated
SO,The Southern Company
LUV,Southwest Airlines Co.
SWN,Southwestern Energy Company
SE,Spectra Energy Corp
STJ,"St. Jude Medical, Inc."
SWK,"Stanley Black & Decker, Inc."
SPLS,"Staples, Inc."
SBUX,Starbucks Corporation
STT,State Street Corporation
SRCL,"Stericycle, Inc."
SYK,Stryker Corporation
STI,"SunTrust Banks, Inc."
SYMC,Symantec Corporation
SYF,Synchrony Financial
SYY,Sysco Corporation
TROW,"T. Rowe Price Group, Inc."
TGT,Target Corporation
TEL,TE Connectivity Ltd.
TGNA,TEGNA Inc.
TDC,Teradata Corporation
TSO,Tesoro Corporation
TXN,Texas Instruments Incorporated
TXT,Textron Inc.
TMO,Thermo Fisher Scientific Inc.
TIF,Tiffany & Co.
TWX,Time Warner Inc.
TJX,"The TJX Companies, Inc."
TMK,Torchmark Corporation
TSS,"Total System Services, Inc."
TSCO,Tractor Supply Company
TDG,TransDigm Group Incorporated
RIG,Transocean Ltd.
TRV,"The Travelers Companies, Inc."
TRIP,"TripAdvisor, Inc."
FOX,"Twenty-First Century Fox, Inc."
TSN,"Tyson Foods, Inc."
USB,U.S. Bancorp
UDR,"UDR, Inc."
ULTA,"ULTA Salon, Cosmetics & Fragrance, Inc."
UA,"Under Armour, Inc."
UNP,Union Pacific Corporation
UAL,"United Continental Holdings, Inc."
UPS,"United Parcel Service, Inc."
URI,"United Rentals, Inc."
UTX,United Technologies Corporation
UNH,UnitedHealth Group Incorporated
UHS,"Universal Health Services, Inc."
UNM,Unum Group
URBN,"Urban Outfitters, Inc."
VFC,V.F. Corporation
VLO,Valero Energy Corporation
VAR,"Varian Medical Systems, Inc."
VTR,"Ventas, Inc."
VRSN,"VeriSign, Inc."
VRSK,"Verisk Analytics, Inc."
VZ,Verizon Communications Inc.
VRTX,Vertex Pharmaceuticals Incorporated
VIAB,"Viacom, Inc."
V,Visa Inc.
VNO,Vornado Realty Trust
VMC,Vulcan Materials Company
GWW,"W.W. Grainger, Inc."
WBA,"Walgreens Boots Alliance, Inc."
WMT,"Wal-Mart Stores, Inc."
DIS,The Walt Disney Company
WM,"Waste Management, Inc."
WAT,Waters Corporation
WEC,"WEC Energy Group, Inc."
WFC,Wells Fargo & Company
HCN,Welltower Inc.
WDC,Western Digital Corporation
WU,The Western Union Company
WRK,WestRock Company
WY,Weyerhaeuser Co.
WHR,Whirlpool Corporation
WFM,"Whole Foods Market, Inc."
WMB,"The Williams Companies, Inc."
WLTW,Willis Towers Watson Public Limited Company
WYN,Wyndham Worldwide Corporation
WYNN,"Wynn Resorts, Limited"
XEL,Xcel Energy Inc.
XRX,Xerox Corporation
XLNX,"Xilinx, Inc."
XL,XL Group Ltd
YHOO,Yahoo! Inc.
YUM,"Yum! Brands, Inc."
ZBH,"Zimmer Biomet Holdings, Inc."
ZION,Zions Bancorporation
ZTS,Zoetis Inc.
XYL,Xylem Inc.